,UA_Name,UA_Country,UA_Continent,Housing,Cost of Living,Startups,Venture Capital,Travel Connectivity,Commute,Business Freedom,Safety,Healthcare,Education,Environmental Quality,Economy,Taxation,Internet Access,Leisure & Culture,Tolerance,Outdoors,GDP
0,Aarhus,Denmark,Europe,6.1315,4.015000000000001,2.827000000000001,2.512,3.5360000000000005,6.31175,9.94,9.616500000000002,8.704333333333333,5.3665,7.633000000000001,4.886500000000001,5.0680000000000005,8.373,3.187,9.738500000000002,4.13,"59775,7351"
1,Copenhagen,Denmark,Europe,4.227,3.426,6.206999999999999,4.467,6.3,6.2955000000000005,9.94,9.1525,7.985333333333334,5.301,8.27225,4.886500000000001,5.0680000000000005,7.239500000000001,7.063000000000001,9.0955,4.671000000000001,"59775,7351"
2,Adelaide,Australia,Oceania,6.3095,4.692,3.1365,2.64,1.7765000000000004,5.33625,9.399666666666668,7.926000000000001,7.936666666666666,5.142,8.330750000000002,6.0695000000000014,4.5885,4.341,4.3285,7.822,5.531000000000001,"54875,28596"
3,Brisbane,Australia,Oceania,5.212,5.1770000000000005,6.343,3.24,2.4345,4.617750000000001,9.399666666666668,7.903500000000001,8.317666666666666,5.920999999999999,8.82775,6.0695000000000014,4.5885,4.407500000000001,4.01,7.489500000000001,6.256500000000002,"54875,28596"
4,Melbourne,Australia,Oceania,4.829999999999999,4.798000000000001,8.204,5.020000000000001,2.8465000000000003,4.872,9.399666666666668,7.1325,8.015999999999998,6.2205,7.891499999999999,6.0695000000000014,4.5885,5.896000000000001,6.461,7.0005,6.202999999999999,"54875,28596"
5,Perth,Australia,Oceania,5.233,4.795,5.127000000000001,3.102,2.1105,4.695,9.399666666666668,7.1045,8.059333333333331,5.143,8.132500000000002,6.0695000000000014,4.5885,4.1785,4.5115,7.470500000000001,5.6835,"54875,28596"
6,Sydney,Australia,Oceania,1.9865,4.128,8.726500000000001,6.427000000000001,3.285,4.851,9.399666666666668,7.5710000000000015,8.033666666666665,6.725500000000001,7.81675,6.0695000000000014,4.5885,4.7365,6.2275,7.032500000000001,6.2635,"54875,28596"
7,Almaty,Kazakhstan,Asia,9.282,9.333,2.4585,0.0,4.592,5.871249999999999,5.568,7.309,4.5456666666666665,2.283,3.85675,5.269,8.522,2.886,2.9370000000000003,6.5395,5.499999999999999,"9812,595808"
8,Amsterdam,Netherlands,Europe,3.0529999999999995,3.8240000000000007,7.971500000000001,6.107,8.3245,6.1185,8.836666666666666,8.503500000000003,7.907333333333333,6.18,7.59725,5.053000000000001,4.954999999999999,4.523000000000001,8.874,8.368,5.307,"52476,27325"
9,Eindhoven,Netherlands,Europe,6.252000000000001,5.125,3.5405,3.0170000000000003,4.807499999999999,6.031750000000001,8.836666666666666,9.107,8.559333333333333,5.0805,8.805,5.053000000000001,4.954999999999999,7.658999999999999,4.333500000000001,9.3425,4.628,"52476,27325"
10,Rotterdam,Netherlands,Europe,6.0440000000000005,4.934000000000001,4.4305,2.83,8.1805,5.9670000000000005,8.836666666666666,8.268,8.329,4.306500000000001,7.08675,5.053000000000001,4.954999999999999,5.852500000000001,5.427499999999999,8.2805,4.280999999999999,"52476,27325"
11,The Hague,Netherlands,Europe,6.053000000000001,4.653,3.864,1.107,8.000500000000002,5.061000000000001,8.836666666666666,8.789000000000001,8.213999999999999,4.306500000000001,8.283750000000001,5.053000000000001,4.954999999999999,6.5135000000000005,5.0145,8.552999999999999,4.924,"52476,27325"
12,Utrecht,Netherlands,Europe,5.4665,4.604,3.915,1.9290000000000005,8.0725,5.9902500000000005,8.836666666666666,8.631,8.394,5.5915,8.0955,5.053000000000001,4.954999999999999,6.676,5.373,8.5655,4.6965,"52476,27325"
13,Andorra,Andorra,Europe,3.969,0.0,1.0,0.0,0.5,0.0,0.0,9.5535,0.0,0.0,7.256,0.0,4.475,7.186,2.132,8.7035,3.5885,"40897,33087"
14,Ankara,Turkey,Asia,9.928,9.125,3.9725000000000006,0.0,2.0475,5.291,5.948333333333333,7.425000000000002,6.914333333333333,2.0285,2.9360000000000004,4.093500000000001,4.323499999999999,2.3160000000000003,8.638499999999999,4.485500000000001,5.1465,"9121,515167"
15,Istanbul,Turkey,Asia,9.1375,8.787,6.9535,2.111,5.8355,4.06575,5.948333333333333,6.8935,6.839999999999998,2.1525,3.40475,4.093500000000001,4.323499999999999,3.5005,10.0,3.8925,5.7435,"9121,515167"
16,Asuncion,Paraguay,South America,9.2265,9.295000000000002,2.207,0.0,0.645,4.968750000000001,3.684,6.9345,5.485333333333333,0.0,3.969,4.109,8.423499999999999,1.479,5.991999999999999,7.051499999999999,3.4845000000000006,"5380,963322"
17,Athens,Greece,Europe,9.052499999999998,6.5,4.404,2.325,3.707,5.21975,6.168999999999999,6.7585,7.153,3.1625,3.80225,3.3199999999999994,4.1665,2.2279999999999998,7.876000000000001,6.268000000000001,6.483,"19133,75776"
18,Thessaloniki,Greece,Europe,9.3775,6.6000000000000005,3.250000000000001,0.0,2.2604999999999995,5.91375,6.168999999999999,7.992,7.508999999999999,3.1635,3.33825,3.3199999999999994,4.1665,2.596,7.689000000000002,7.523499999999999,4.665000000000001,"19133,75776"
19,Atlanta,Georgia,North America,4.9755,5.241,8.835,7.2570000000000014,5.2915,3.89775,8.671,2.6725,6.0233333333333325,6.456999999999999,5.817749999999999,6.5145,4.204,6.4805,7.765499999999999,4.062,5.0095,"4697,983652"
20,Tbilisi,Georgia,Europe,9.4905,9.765,3.1485000000000007,0.0,2.2510000000000003,5.64425,7.863333333333332,9.506,5.052333333333334,0.8625,3.19675,4.2525,8.055000000000001,4.087,4.919,8.197499999999998,5.477500000000001,"4697,983652"
21,Auckland,New Zealand,Oceania,4.72,4.470000000000001,4.588000000000001,2.79,1.3045000000000004,4.845000000000001,10.0,7.0215,8.162666666666665,5.0465,8.2725,5.505500000000001,5.9315,6.8500000000000005,4.395999999999999,7.402000000000001,5.862,"42755,21626"
22,Christchurch,New Zealand,Oceania,6.934000000000001,5.096,1.5355000000000003,0.0,0.8334999999999999,5.51775,10.0,7.584999999999999,8.312333333333333,4.756,9.2565,5.505500000000001,5.9315,5.922,3.223500000000001,8.403500000000001,6.269,"42755,21626"
23,Wellington,New Zealand,Oceania,5.134499999999999,5.161,2.4715,1.753,0.8525,6.039750000000001,10.0,8.223,8.078333333333331,4.756,9.60925,5.505500000000001,5.9315,5.1745,4.599,8.116000000000001,6.397,"42755,21626"
24,Baku,Azerbaijan,Asia,9.745,9.806,2.6705,0.0,2.1690000000000005,5.492,5.671666666666666,8.772,3.701999999999999,0.0,2.62125,3.8765,5.861,1.4420000000000002,6.2195,6.584500000000001,4.503,"4805,753718"
25,Bali,Indonesia,Asia,5.0,0.0,1.628,0.0,1.93,5.193500000000001,3.912333333333333,8.7475,4.442,0.5275,4.13775,4.657500000000001,6.266,3.2375000000000003,6.3335,4.558999999999999,7.5005,"4135,201531"
26,Jakarta,Indonesia,Asia,8.671,8.471,5.649500000000001,6.437,2.4885000000000006,3.640000000000001,4.028666666666666,7.0005,4.183999999999999,1.0275,2.4857500000000003,4.657500000000001,6.266,4.498999999999999,8.146,2.0665,7.202000000000001,"4135,201531"
27,Bangkok,Thailand,Asia,7.3935,7.222,6.119,3.453,4.112,4.293500000000001,5.6036666666666655,7.0365,7.126666666666665,1.6915,3.37125,2.387,6.794500000000001,4.826499999999999,9.089,6.019,6.494000000000001,"7817,009671"
28,Chiang Mai,Thailand,Asia,9.3725,8.495000000000001,1.783,0.0,1.6945,5.141249999999999,5.6036666666666655,8.452500000000002,7.393666666666667,1.6875,3.981,2.387,6.794500000000001,4.2865,6.847500000000001,6.8715,3.088,"7817,009671"
29,Phuket,Thailand,Asia,8.823,7.602000000000001,2.2445,0.0,1.8075,4.50425,5.6036666666666655,5.7285,6.653666666666665,1.187,3.62425,2.387,6.794500000000001,3.615,4.8135,5.156000000000001,4.626,"7817,009671"
30,Barcelona,Spain,Europe,6.323,6.074000000000001,7.7585000000000015,5.655,5.806,5.69925,7.1196666666666655,7.407499999999999,8.403333333333332,5.029000000000002,3.6655000000000006,4.296,3.894000000000001,6.467999999999999,8.591499999999998,7.471500000000001,5.827999999999999,"29554,49052"
31,Bilbao,Spain,Europe,6.888000000000001,5.638,2.668,0.0,4.1735,5.774750000000001,7.1196666666666655,8.7805,9.320666666666666,3.759000000000001,8.328000000000001,4.296,3.894000000000001,5.756,6.013999999999999,8.663,1.481,"29554,49052"
32,Las Palmas de Gran Canaria,Spain,Europe,8.232000000000001,7.717,1.5835,0.0,4.323499999999999,0.0,7.1196666666666655,9.1545,9.214333333333332,3.759000000000001,6.860499999999999,4.296,3.894000000000001,6.195500000000001,2.8145,9.7185,5.5375000000000005,"29554,49052"
33,Madrid,Spain,Europe,6.414000000000001,6.2490000000000006,0.0,4.79,5.8555,5.285750000000001,7.1196666666666655,7.7925,8.916333333333332,4.291500000000001,5.5655,4.296,3.894000000000001,6.241,9.338,7.665000000000001,6.22,"29554,49052"
34,Malaga,Spain,Europe,8.0515,7.375,2.4585,0.0,4.3605,5.78275,7.1196666666666655,7.693,8.655666666666667,3.759000000000001,8.108250000000002,4.296,3.894000000000001,6.1895,6.389,7.5005,5.784000000000001,"29554,49052"
35,Seville,Spain,Europe,8.095500000000001,6.961,1.1475,0.0,3.4770000000000003,5.567000000000001,7.1196666666666655,8.929499999999999,8.221333333333332,4.259500000000001,7.220749999999999,4.296,3.894000000000001,6.1895,7.416,9.265,3.0330000000000004,"29554,49052"
36,Valencia,Spain,Europe,8.135500000000002,6.872,1.747,2.583,3.4840000000000004,5.809000000000001,7.1196666666666655,7.786499999999999,8.885666666666665,4.266000000000001,5.94225,4.296,3.894000000000001,9.14,7.078000000000001,7.935,6.331500000000001,"29554,49052"
37,Beijing,China,Asia,6.173000000000001,8.101,4.872,9.562,7.0175,4.83675,3.815333333333333,7.066,6.423333333333333,7.971000000000002,2.0555000000000003,6.103,1.4260000000000002,3.493,7.268499999999999,2.822,4.9435,"10143,83817"
38,Shanghai,China,Asia,5.744,7.179,5.7255,9.288,6.862,5.0845,3.8956666666666666,7.2085,6.206,5.6995000000000005,2.83875,6.103,1.4959999999999998,2.636,6.693499999999999,2.741,5.717499999999999,"10143,83817"
39,Beirut,Lebanon,Asia,6.655500000000001,6.3,3.4094999999999995,0.0,1.3045000000000004,4.77275,4.329,6.833,6.1593333333333335,1.0035,1.449,3.4345000000000003,8.2805,1.5905,3.3995,4.184,3.842000000000001,"7578,172368"
40,Belfast,United Kingdom,Europe,7.532000000000001,6.014000000000001,3.55,1.6210000000000002,4.0985,5.28,8.991999999999999,7.678999999999999,8.168333333333333,4.6865000000000006,8.377500000000001,5.438,5.9545,5.5955,4.957000000000001,5.9795,1.413,"43070,49836"
41,Birmingham,United Kingdom,Europe,5.9035,5.814,4.3575,2.541,5.8450000000000015,5.4935,8.991999999999999,6.946500000000001,8.293666666666667,5.0265,5.7385,5.438,5.9545,5.940000000000001,4.4350000000000005,6.421,1.2675,"43070,49836"
42,Brighton,United Kingdom,Europe,2.49,5.324,3.4094999999999995,0.0,8.322,5.547500000000001,8.991999999999999,8.4715,7.716333333333331,4.906000000000001,8.245750000000001,5.438,5.9545,4.7585,4.8695,8.17,4.898,"43070,49836"
43,Bristol,United Kingdom,Europe,5.215999999999999,5.242,4.113,3.593,4.890000000000001,5.4437500000000005,8.991999999999999,7.939999999999999,8.251666666666665,5.4615,6.472250000000001,5.438,5.9545,6.478000000000001,3.8625,7.439499999999999,4.538,"43070,49836"
44,Cambridge,United Kingdom,Europe,4.1055,4.851,5.253,3.2840000000000003,6.887499999999999,5.627750000000001,8.991999999999999,9.504499999999998,8.189,6.554500000000001,8.0165,5.438,5.9545,5.8095,2.455,8.487000000000002,0.5,"43070,49836"
45,Cardiff,United Kingdom,Europe,7.065,6.082,3.3955,1.7800000000000002,4.890000000000001,5.764749999999999,8.991999999999999,8.21,8.318333333333332,4.785500000000001,6.607249999999999,5.438,5.9545,5.101,5.0285,7.996,4.8055,"43070,49836"
46,Edinburgh,United Kingdom,Europe,5.8450000000000015,5.114,4.109,3.337,5.185,5.967500000000001,8.991999999999999,8.485,8.552333333333332,6.092500000000001,7.763,5.438,5.9545,5.1755,7.200500000000001,7.922000000000001,5.131,"43070,49836"
47,Glasgow,United Kingdom,Europe,6.9285000000000005,5.623,3.505,1.1820000000000002,6.1995000000000005,5.35225,8.991999999999999,7.496,8.813333333333333,5.306500000000001,7.100999999999999,5.438,5.9545,4.252999999999999,4.671000000000001,6.9430000000000005,3.740999999999999,"43070,49836"
48,Leeds,United Kingdom,Europe,6.811,5.363,3.3605,4.423,6.595000000000001,5.1057500000000005,8.991999999999999,7.731,8.633666666666667,4.9825,5.922000000000001,5.438,5.9545,7.329499999999999,3.7435,7.214,1.2955,"43070,49836"
49,Liverpool,United Kingdom,Europe,7.485,6.02,3.5589999999999997,2.355,6.649500000000001,4.541,8.991999999999999,7.7285,9.027666666666669,4.872,7.275250000000001,5.438,5.9545,8.994,5.393,7.451,5.458500000000001,"43070,49836"
50,London,United Kingdom,Europe,1.0,3.94,10.0,9.859,9.4025,5.3955,8.991999999999999,7.243500000000001,8.017999999999999,9.027,5.547750000000001,5.438,5.9545,5.8455,9.4555,6.573,5.374499999999999,"43070,49836"
51,Manchester,United Kingdom,Europe,6.455500000000001,5.049000000000001,5.769500000000001,4.908,6.397500000000001,4.728,8.991999999999999,6.7725,8.518999999999998,5.652,4.363,5.438,5.9545,5.814,4.9750000000000005,6.6770000000000005,3.676,"43070,49836"
52,Oxford,United Kingdom,Europe,3.65,4.941000000000001,4.551,3.843,7.926000000000001,5.95825,8.991999999999999,8.5685,7.970000000000001,6.638000000000001,7.553750000000001,5.438,5.9545,6.1545000000000005,5.495,8.258000000000001,2.6290000000000004,"43070,49836"
53,Belgrade,Serbia,Europe,9.2575,8.546000000000001,4.9095,2.333,2.1365000000000003,5.578250000000001,5.383999999999999,6.6995000000000005,6.0103333333333335,0.5,4.88325,1.638,4.1665,3.863,6.497,7.387,5.078,"7417,203649"
54,Belize City,Belize,North America,4.6425,0.0,1.866,0.0,0.8900000000000001,0.0,3.411,6.052,5.503999999999999,0.0,2.031,3.496,6.930000000000001,3.8075,1.0645,6.865,0.5,"5078,809944"
55,Bengaluru,India,Asia,9.810999999999998,10.0,10.0,8.972999999999999,4.064,4.00625,3.618,7.294,3.937,0.656,2.75575,5.5565,3.4145,2.841,3.2215000000000007,3.4845,2.385,"2100,751461"
56,Chennai,India,Asia,10.0,10.0,7.104,3.782000000000001,4.208,4.8420000000000005,3.618,7.837000000000001,4.074666666666666,0.5115000000000001,2.3945000000000007,5.5565,3.4145,6.825500000000001,2.2275,4.550000000000001,4.198,"2100,751461"
57,Delhi,India,Asia,9.752,9.869,9.828500000000002,9.099000000000002,5.642,3.71225,3.618,6.4185,3.7126666666666654,0.512,2.2030000000000003,5.5565,3.4145,3.588,5.683,3.115999999999999,1.1785,"2100,751461"
58,Hyderabad,India,Asia,10.0,10.0,8.724499999999999,3.585,3.841,4.632000000000001,3.618,8.1265,3.957333333333333,0.0,2.8405000000000005,5.5565,3.4145,5.540000000000001,4.271,4.132499999999999,3.2085000000000004,"2100,751461"
59,Mumbai,India,Asia,8.124,9.825,9.853000000000002,6.179,5.414,3.94,3.618,7.618500000000001,3.802333333333333,0.5275,2.0965,5.5565,3.4145,3.429,4.968499999999999,3.839,5.792000000000001,"2100,751461"
60,Bergen,Norway,Europe,5.229499999999999,1.805,2.207,1.0,3.2425000000000006,5.8875,9.635333333333332,7.7075,7.646666666666666,4.8395,7.539250000000001,7.0735,4.752,6.537000000000001,4.4875,7.6145,4.3135,"75719,7529"
61,Oslo,Norway,Europe,3.768,1.0380000000000005,5.2090000000000005,3.869,5.177,5.775250000000001,9.635333333333332,7.1065000000000005,7.909999999999998,5.144500000000001,8.42425,7.0735,4.752,7.9705,5.899,7.029999999999999,6.1895,"75719,7529"
62,Berlin,Germany,Europe,6.3950000000000005,5.524,9.085,7.820000000000001,7.024999999999999,6.1960000000000015,9.072333333333331,7.251500000000001,7.990666666666666,7.019000000000001,6.771500000000001,5.373500000000001,3.9035,4.677999999999999,8.881,7.177499999999998,5.475000000000001,"46794,89929"
63,Cologne,Germany,Europe,6.5265,5.606999999999999,5.1065000000000005,3.2780000000000005,7.282000000000001,5.381749999999999,9.072333333333331,6.6295,8.04,5.1035,6.48,5.373500000000001,3.9035,5.666,5.3225,6.7115,5.289000000000001,"46794,89929"
64,Dresden,Germany,Europe,7.884500000000001,6.0280000000000005,2.4065,1.533,3.536000000000001,4.959999999999999,9.072333333333331,8.463999999999999,8.393666666666666,5.124500000000001,8.110750000000001,5.373500000000001,3.9035,5.6035,6.6385,7.369,4.649,"46794,89929"
65,Dusseldorf,Germany,Europe,6.282000000000001,5.134,3.389,2.2300000000000004,6.6695,5.283000000000001,9.072333333333331,8.166,8.003666666666666,4.306500000000001,7.375499999999999,5.373500000000001,3.9035,5.666,4.664000000000001,7.868499999999999,5.3585,"46794,89929"
66,Frankfurt,Germany,Europe,5.957,5.143,3.768,3.398999999999999,8.529,5.923,9.072333333333331,6.8375,7.707333333333334,5.2065,6.4755,5.373500000000001,3.9035,4.079,6.492,7.0345,5.384,"46794,89929"
67,Hamburg,Germany,Europe,5.944500000000001,4.904,5.793999999999999,4.197,5.685000000000001,5.8265,9.072333333333331,6.4590000000000005,8.129999999999999,4.306500000000001,8.123999999999999,5.373500000000001,3.9035,5.560499999999999,6.3525,7.162999999999999,5.088,"46794,89929"
68,Hannover,Germany,Europe,7.754000000000001,6.000000000000001,1.0,0.0,5.646,6.54975,9.072333333333331,7.352500000000002,8.133666666666667,4.834,9.13125,5.373500000000001,3.9035,5.666,3.5255,7.266,4.2665,"46794,89929"
69,Karlsruhe,Germany,Europe,7.764499999999998,5.294,2.994,1.299,4.7985,4.905499999999999,9.072333333333331,6.858,8.412,5.2075000000000005,7.7675,5.373500000000001,3.9035,4.5945,3.9865,8.337,4.588500000000001,"46794,89929"
70,Leipzig,Germany,Europe,8.177,5.9110000000000005,2.7065,0.0,4.337,6.01375,9.072333333333331,7.277000000000001,7.300333333333332,4.306500000000001,9.03275,5.373500000000001,3.9035,5.646500000000001,4.5265,7.1935,4.747000000000001,"46794,89929"
71,Munich,Germany,Europe,4.23,4.648,6.915,6.509,8.056500000000002,6.013999999999999,9.072333333333331,9.049,8.370999999999999,7.554499999999999,9.018250000000002,5.373500000000001,3.9035,5.155000000000001,7.335999999999999,8.4745,7.330999999999999,"46794,89929"
72,Stuttgart,Germany,Europe,6.314000000000001,5.673000000000002,3.7565,1.936,5.9645,6.205499999999999,9.072333333333331,8.269500000000003,7.851333333333333,5.0505,7.225,5.373500000000001,3.9035,5.124,5.556,7.533499999999998,3.9495,"46794,89929"
73,Bern,Switzerland,Europe,4.922500000000001,1.0,2.6875000000000004,0.0,5.2635000000000005,5.19775,8.888,9.266,7.520333333333333,5.3455,9.2445,6.552,6.4285000000000005,6.1145000000000005,4.245,8.589,2.1225,"85334,51946"
74,Geneva,Switzerland,Europe,1.0775,1.0,4.692,3.089,5.866500000000001,6.003,8.888,8.427,7.443,5.186,8.601750000000001,6.552,6.4285000000000005,8.378499999999999,5.244000000000001,8.6205,6.5535,"85334,51946"
75,Lausanne,Switzerland,Europe,4.0755,1.0,3.822,3.308,6.5145,5.85825,8.888,8.032499999999999,7.351999999999999,6.622,8.809750000000001,6.552,6.4285000000000005,4.146,4.222,8.4535,5.337999999999999,"85334,51946"
76,Zurich,Switzerland,Europe,1.473,1.0,6.203500000000001,3.872,7.733499999999999,5.839499999999999,8.888,9.0665,7.670333333333332,7.2875,8.642999999999999,6.552,6.4285000000000005,7.2675,4.9655000000000005,8.7845,5.401,"85334,51946"
77,Bogota,Colombia,South America,9.0275,9.079999999999998,5.7085,1.259,1.889,4.964,6.348666666666665,6.222000000000001,6.301666666666667,1.534,4.3475,4.5945,1.8515000000000004,2.9760000000000004,6.215,8.555499999999999,7.477,"6424,979492"
78,Medellin,Colombia,South America,9.2315,9.315,4.618,0.0,0.928,5.3545,6.348666666666665,7.477,6.790666666666666,1.531,6.17075,4.5945,1.8515000000000004,4.1485,5.029,9.302,3.662,"6424,979492"
79,Bologna,Italy,Europe,7.471999999999999,5.189,3.1485000000000007,1.3969999999999998,3.682,5.53,6.189666666666666,7.337,8.577666666666667,4.202500000000001,5.460250000000001,3.3625,2.4365,7.7105,5.736000000000001,7.618,1.5815,"33641,63375"
80,Florence,Italy,Europe,6.775,4.649,2.2275,0.0,4.306,6.0287500000000005,6.189666666666666,7.9725,8.163666666666666,4.058000000000001,6.009000000000001,3.3625,2.4365,4.4415,8.503499999999999,6.7355,1.6769999999999998,"33641,63375"
81,Milan,Italy,Europe,5.194500000000001,4.801000000000001,5.190499999999999,3.286,6.683,5.5120000000000005,6.189666666666666,7.378000000000001,8.444666666666667,4.283,4.458,3.3625,2.4365,5.013999999999999,7.917000000000001,7.2195,5.641,"33641,63375"
82,Naples,Italy,Europe,8.215,5.81,2.0405,0.0,3.9410000000000007,4.70575,6.189666666666666,6.389500000000002,7.186333333333332,4.058000000000001,1.65625,3.3625,2.4365,5.314000000000001,6.045,6.7535,5.359,"33641,63375"
83,Rome,Italy,Europe,5.6025,5.323,4.6745,1.013,6.4335,4.533250000000001,6.189666666666666,6.604500000000001,7.863666666666665,4.157000000000001,4.2765,3.3625,2.4365,4.491,9.11,6.2215,6.396000000000001,"33641,63375"
84,Turin,Italy,Europe,8.069500000000001,5.612,3.250000000000001,0.0,3.1495,5.60925,6.189666666666666,6.252000000000001,8.367666666666667,4.1015,3.8855,3.3625,2.4365,2.369,7.061,5.777000000000001,5.705,"33641,63375"
85,Bordeaux,France,Europe,7.1915,4.583,3.6915,0.0,4.876,5.54975,8.088333333333333,7.466,8.823333333333332,4.442,7.261000000000001,4.2045,2.648000000000001,3.875,5.3005,7.126499999999999,2.8755,"40578,64429"
86,Grenoble,France,Europe,7.505000000000001,4.317,2.7430000000000003,1.852,3.996,5.52575,8.088333333333333,5.8875,9.063,4.549,6.151,4.2045,2.648000000000001,3.758,3.1785,5.0505,4.646,"40578,64429"
87,Lille,France,Europe,7.532000000000001,5.399000000000001,3.2585,2.381,6.020000000000001,2.29375,8.088333333333333,6.942,9.071,4.3935,4.2395,4.2045,2.648000000000001,3.826999999999999,5.1095000000000015,7.202999999999999,2.2925000000000004,"40578,64429"
88,Lyon,France,Europe,6.697000000000001,4.349,4.4995,3.083,5.963000000000001,5.18525,8.088333333333333,7.134499999999999,8.641666666666666,4.5805,6.54325,4.2045,2.648000000000001,9.403,5.987500000000001,6.517,5.373500000000001,"40578,64429"
89,Marseille,France,Europe,7.5885,6.026000000000002,3.3095000000000003,2.843,5.950500000000001,5.86075,8.088333333333333,5.252,8.843666666666666,4.442,3.942,4.2045,2.648000000000001,5.5425,5.443000000000001,6.1735,5.1835,"40578,64429"
90,Nantes,France,Europe,7.7225,5.021,3.353,2.2300000000000004,4.989,5.997750000000001,8.088333333333333,7.6355,8.533333333333333,4.4045000000000005,7.323,4.2045,2.648000000000001,4.867,4.351000000000001,7.0555,2.672,"40578,64429"
91,Nice,France,Europe,6.4985,4.475,3.0975,2.603,6.46,6.051,8.088333333333333,7.234,8.329666666666665,4.4045000000000005,6.423,4.2045,2.648000000000001,6.472,4.7795,6.467499999999999,5.5265,"40578,64429"
92,Paris,France,Europe,3.5835,3.664,9.2765,7.513000000000001,10.0,5.330500000000001,8.088333333333333,6.2465,8.207666666666666,7.085,4.36225,4.2045,2.648000000000001,9.716,9.8165,5.579,4.433,"40578,64429"
93,Toulouse,France,Europe,7.544,4.552,3.577,2.042,5.1265,5.06775,8.088333333333333,6.967,8.831999999999999,4.442,5.079750000000001,4.2045,2.648000000000001,4.622000000000001,4.1370000000000005,7.6335,3.3040000000000003,"40578,64429"
94,Brussels,Belgium,Europe,6.355,4.477,5.6915,3.374,7.4675,5.386750000000001,8.876999999999999,6.703,8.158333333333333,6.6530000000000005,4.591000000000001,4.8115000000000006,1.883,7.5715,8.143999999999998,6.481,4.123,"46591,49161"
95,Bucharest,Romania,Europe,9.186500000000002,8.516,5.383,1.187,3.4955,5.072500000000001,5.681666666666667,8.985999999999999,6.075333333333333,2.4475,3.41925,4.103,6.839,9.638,6.959499999999999,8.686500000000002,1.9675,"12899,34611"
96,Cluj-Napoca,Romania,Europe,9.165,8.794,3.4094999999999995,1.8990000000000005,1.7625000000000002,5.876,5.681666666666667,9.4745,6.434333333333333,2.4480000000000004,6.40075,4.103,6.839,8.6655,2.6275000000000004,8.624,4.255,"12899,34611"
97,Budapest,Hungary,Europe,8.570500000000001,7.947999999999999,5.4935,2.8040000000000003,4.426500000000001,5.395000000000001,6.707999999999999,8.218499999999999,5.745999999999999,3.693,5.2875,4.946,6.1075,6.759,8.253000000000002,7.228,5.112000000000001,"16735,65978"
98,Buenos Aires,Argentina,South America,8.812000000000001,7.763999999999999,4.672999999999999,2.3100000000000005,3.77,4.9235,4.045333333333334,6.0395,6.978999999999998,1.422,4.869,2.884,1.568,1.5275,7.6735,8.584000000000001,4.535500000000001,"10056,63794"
99,Calgary,Canada,North America,6.495000000000001,5.417999999999999,5.9495000000000005,2.036,2.514,5.157500000000001,8.966,7.923,8.026333333333334,5.5550000000000015,8.191499999999998,5.8405000000000005,7.2745000000000015,5.6705000000000005,4.268,8.1105,7.504499999999999,"46328,67184"
100,Edmonton,Canada,North America,6.729500000000001,5.522,4.6240000000000006,2.392,1.902,5.09725,8.966,7.1175000000000015,8.269,5.948,8.17575,5.8405000000000005,7.2745000000000015,4.609999999999999,3.974,7.925499999999999,3.385,"46328,67184"
101,Halifax,Canada,North America,6.895000000000001,4.9430000000000005,3.624,2.2840000000000003,1.5699999999999998,5.402750000000001,8.966,7.188500000000001,7.885666666666666,5.42,7.618499999999999,5.8405000000000005,7.2745000000000015,6.123500000000001,3.942,7.853499999999999,4.023,"46328,67184"
102,Montreal,Canada,North America,7.392000000000001,5.948,8.102500000000001,5.773000000000001,3.443,5.107,8.966,7.822,7.395,7.299000000000001,7.7215,5.8405000000000005,7.2745000000000015,4.478000000000001,6.9175,8.193,5.303,"46328,67184"
103,Ottawa,Canada,North America,6.700499999999999,6.027,6.055,2.612,1.532,5.4052500000000006,8.966,8.4475,8.011333333333333,5.423500000000001,9.29225,5.8405000000000005,7.2745000000000015,6.267499999999999,6.0920000000000005,8.6295,5.318499999999999,"46328,67184"
104,Quebec,Canada,Europe,8.5175,6.037,3.7345000000000006,2.237,1.3815000000000002,5.279999999999999,8.966,9.1595,8.131333333333334,5.42,7.3155,5.8405000000000005,7.2745000000000015,3.2985,5.636500000000001,8.622,4.718999999999999,"46328,67184"
105,Saskatoon,Canada,North America,7.159500000000001,5.042000000000001,3.1145,0.0,1.2585000000000002,5.8055,8.966,6.638000000000001,7.513999999999999,5.344000000000001,7.757999999999999,5.8405000000000005,7.2745000000000015,4.890000000000001,1.0,7.335999999999999,0.5,"46328,67184"
106,Toronto,Canada,North America,4.66,5.271,9.981,7.602000000000001,4.335000000000001,4.683000000000001,8.966,7.693500000000001,8.063666666666666,7.602500000000001,7.1775,5.8405000000000005,7.2745000000000015,4.383,7.826,7.928000000000002,5.594,"46328,67184"
107,Vancouver,Canada,North America,4.080500000000001,5.259,8.17,5.8420000000000005,2.771,4.93675,8.966,7.5695,8.037666666666665,6.889000000000001,8.42325,5.8405000000000005,7.2745000000000015,4.550500000000001,5.7170000000000005,8.295,7.4,"46328,67184"
108,Victoria,Canada,North America,5.696,5.703,4.479,2.719,1.4945,5.226000000000001,8.966,7.808000000000001,7.693,5.3815,9.29475,5.8405000000000005,7.2745000000000015,6.194999999999999,4.523000000000001,8.7825,4.3555,"46328,67184"
109,Winnipeg,Canada,North America,7.552500000000001,5.882,3.7965,0.0,1.4754999999999998,5.104500000000001,8.966,6.0155,7.755666666666667,5.344000000000001,5.67475,5.8405000000000005,7.2745000000000015,4.902500000000001,4.688,6.659000000000001,4.243,"46328,67184"
110,Cape Town,South Africa,Africa,6.7635000000000005,7.955,5.611000000000001,3.725,2.1630000000000003,3.8425,4.732,5.327999999999999,4.343,0.8945000000000001,6.6085,2.7680000000000007,5.151,5.612500000000001,4.736000000000001,3.6605,6.750500000000001,"6624,761865"
111,Johannesburg,South Africa,Africa,8.012,7.575000000000001,4.937499999999999,1.467,3.2030000000000003,3.91575,4.732,5.165500000000001,3.6486666666666663,0.7585,4.325500000000001,2.7680000000000007,5.151,2.8375,4.4015,3.6605,2.9560000000000004,"6624,761865"
112,Casablanca,Morocco,Africa,8.822,9.088,3.0975,0.0,2.9145,4.26,5.614333333333333,6.775500000000001,4.47,0.0,2.2555000000000005,3.1735,3.2995,2.067,2.6830000000000003,2.945,3.9935,"3235,00066"
113,Chisinau,Moldova,Europe,9.6765,9.343,3.0535,0.0,1.6025,5.495,5.443333333333333,7.627999999999999,5.065999999999999,1.3995,4.33825,3.9765000000000006,6.2325,5.3615,2.7120000000000006,6.646999999999999,3.121,"4491,688827"
114,Cork,Ireland,Europe,5.514500000000001,4.902,3.9875,2.87,2.3615,5.504250000000001,8.345666666666666,8.839500000000001,7.426333333333334,4.879,8.012750000000002,7.514500000000001,6.254999999999999,9.143999999999998,2.5315,8.630500000000001,0.5,"80886,61574"
115,Dublin,Ireland,Europe,2.5125,4.005000000000001,5.651,6.204,4.7615,5.44625,8.345666666666666,7.121499999999999,6.8103333333333325,5.6065,6.5015,7.514500000000001,6.254999999999999,8.3435,7.134500000000001,7.328,5.664,"80886,61574"
116,Galway,Ireland,Europe,6.275500000000001,4.9270000000000005,2.5380000000000003,2.556,2.3615,5.68975,8.345666666666666,8.89,7.069999999999999,5.0075,7.51875,7.514500000000001,6.254999999999999,7.637499999999999,1.1150000000000002,8.700499999999998,3.7125,"80886,61574"
117,Curitiba,Brazil,South America,9.4295,8.433,2.912,2.148,0.8900000000000001,4.950250000000001,2.781,5.9465,5.897,1.0165000000000002,7.75725,2.187,2.8525,3.1420000000000003,7.1875,7.848000000000001,2.6655,"8897,552966"
118,Florianopolis,Brazil,South America,9.0595,8.331000000000001,1.0,0.0,0.683,4.78775,2.781,6.525,5.432999999999999,1.0165000000000002,4.943999999999999,2.187,2.8525,3.185,5.33,7.637500000000001,5.751,"8897,552966"
119,Porto Alegre,Brazil,South America,9.221000000000002,8.120000000000001,2.6705,0.0,0.9655,5.105,2.781,5.2955,5.56,1.017,4.13975,2.187,2.8525,2.196,7.7035,7.448,4.922499999999999,"8897,552966"
120,Rio De Janeiro,Brazil,South America,8.32,7.751,4.823,2.414,1.493,4.55325,4.036666666666666,5.2955,4.849666666666666,1.0175,3.32275,2.187,2.8454999999999995,2.338,8.6675,5.771500000000001,6.151999999999999,"8897,552966"
121,Sao Paulo,Brazil,South America,8.316,7.823000000000001,6.6225000000000005,4.253000000000001,2.2655,4.412000000000001,2.781,5.2955,5.371999999999999,1.104,2.6535,2.187,2.8525,3.3895000000000004,8.789499999999999,6.8955,7.0775,"8897,552966"
122,Dar es Salaam,Tanzania,Africa,7.652000000000001,8.026,2.6875000000000004,3.191,1.4535,2.07575,3.2886666666666664,6.1005,3.238666666666667,0.0,2.0802500000000004,5.499999999999999,4.497000000000001,1.11,1.205,2.7665,4.3535,"1085,88486"
123,Doha,Qatar,Asia,2.1315,6.183,2.6875000000000004,0.0,2.6425,4.61625,7.408333333333332,9.486,7.4336666666666655,1.4335,3.94175,9.39,10.0,3.245,4.6205,5.0625,4.436999999999999,"62276,42869"
124,Dubai,United Arab Emirates,Asia,2.591,5.49,7.309000000000001,4.183,4.508,4.2285,8.036999999999999,9.172,6.392,2.28,6.035500000000001,7.885999999999999,10.0,3.151,4.6705,5.426500000000001,5.7985,"42701,44305"
125,Fukuoka,Japan,Asia,4.01,0.0,1.484,1.79,6.172499999999999,0.0,8.389666666666667,9.945,9.098,5.5275,7.915999999999999,3.7235,6.033,4.575000000000001,5.8605,7.259,5.6815,"40777,6087"
126,Kyoto,Japan,Asia,3.765,0.0,1.3025,0.0,6.7945,2.5,8.389666666666667,10.0,9.078666666666669,6.241,6.435,3.7235,6.033,3.712,8.153500000000001,7.663,1.6465,"40777,6087"
127,Osaka,Japan,Asia,7.8315,4.819,2.668,2.144,6.201499999999999,5.255000000000001,8.417666666666667,10.0,8.705333333333332,5.589499999999999,5.326750000000001,3.7235,6.033,3.724,7.2265,7.189500000000001,5.1875,"40777,6087"
128,Tokyo,Japan,Asia,5.657000000000001,3.431,6.297000000000001,3.962999999999999,8.1515,6.0075,8.377666666666666,10.0,8.82633333333333,6.980500000000001,5.955750000000001,3.7235,6.033,4.835000000000001,9.342000000000002,7.194500000000001,6.5225,"40777,6087"
129,Gdansk,Poland,Europe,8.508,8.126999999999999,2.6875000000000004,0.0,2.8345,5.861,5.7043333333333335,8.0405,6.855666666666666,4.6615,7.794500000000001,4.7615,5.097,5.036,5.515,4.4785,5.025,"15732,20313"
130,Krakow,Poland,Europe,8.4245,8.509,4.534000000000001,2.11,2.9285000000000005,5.629,5.7043333333333335,8.521500000000001,6.853999999999999,4.6625000000000005,4.802,4.7615,5.097,5.7875,7.839999999999999,4.592000000000001,4.3085,"15732,20313"
131,Warsaw,Poland,Europe,7.8695,8.192,6.121500000000001,1.853,3.864,5.202999999999999,5.7043333333333335,8.6995,6.881666666666666,4.668500000000001,6.388999999999999,4.7615,5.097,6.0,7.3355000000000015,4.636000000000001,4.961,"15732,20313"
132,Wroclaw,Poland,Europe,8.452,8.434000000000001,3.5860000000000003,2.386,2.2445,4.954750000000001,5.7043333333333335,8.165500000000002,6.7813333333333325,4.161500000000001,4.96475,4.7615,5.097,5.761500000000001,4.7495,3.9045,4.085,"15732,20313"
133,Gibraltar,Gibraltar,Europe,1.112,0.0,2.842,1.5659999999999998,0.758,0.0,0.0,9.3375,3.023333333333333,0.0,5.1835,0.0,2.9130000000000003,4.296,2.235,4.4265,4.7565,92843
134,Gothenburg,Sweden,Europe,6.725,5.046000000000001,3.1285000000000007,3.725,3.6575,5.96875,9.568999999999996,7.296,8.101666666666667,4.7775,8.58975,5.694499999999999,2.7495000000000003,6.1925,4.0045,6.3645,4.5685,"51939,42974"
135,Malmo,Sweden,Europe,7.263000000000001,5.57,3.645,2.683,4.7675,5.646750000000001,9.568999999999996,6.598000000000001,8.215,3.893,9.2055,5.694499999999999,2.7495000000000003,8.219999999999999,2.3445,5.304,4.524,"51939,42974"
136,Stockholm,Sweden,Europe,4.865,4.36,6.267,6.229,6.2255,5.685500000000001,9.568999999999996,6.8865,8.039333333333332,6.6675,8.99175,5.694499999999999,2.7495000000000003,7.6135,6.797499999999999,5.719500000000001,4.494,"51939,42974"
137,Uppsala,Sweden,Europe,7.16,5.442,1.4285,0.0,4.7485,5.9750000000000005,9.568999999999996,7.850000000000001,8.152666666666665,5.2045,8.5815,5.694499999999999,2.7495000000000003,5.854,3.427,6.950500000000001,3.4665,"51939,42974"
138,Guadalajara,Mexico,North America,9.527,9.49,4.3445,0.0,1.7294999999999998,4.3455,5.764999999999999,6.472000000000001,7.034333333333333,1.2095,3.34325,3.5005,4.333500000000001,4.0925,7.657,8.1575,3.4765000000000006,"9950,45008"
139,Mexico City,Mexico,North America,8.360000000000001,9.244,7.479999999999999,2.6340000000000003,2.87,3.806,5.760999999999998,5.464000000000001,6.379999999999999,1.713,2.5062500000000005,3.5005,4.333500000000001,5.8405000000000005,9.962,7.089,3.914,"9950,45008"
140,Guatemala City,Guatemala,North America,8.8125,8.175,2.641,1.673,0.8145000000000001,0.5237499999999999,4.616999999999999,6.139,4.763666666666666,0.0,3.75775,3.805,8.505,2.506,5.1645,7.157,4.1335,"4638,634943"
141,Havana,Cuba,North America,9.089,7.607999999999999,1.4975000000000005,0.0,1.919,0.0,1.643333333333333,8.6335,6.999666666666665,0.0,3.86225,2.5495000000000005,0.5,1.703,2.0700000000000003,8.7595,5.0225,"9125,878679"
142,Helsinki,Finland,Europe,5.396000000000001,4.121,5.683,5.507,4.7505,5.77925,9.450666666666669,8.674000000000001,7.953666666666665,5.4545,9.301,3.921,4.8785,5.1035,7.054500000000001,7.501500000000001,4.797999999999999,"48628,64176"
143,Oulu,Finland,Europe,3.7445,0.0,2.3135000000000003,2.575,2.716,6.04075,9.450666666666669,8.458500000000003,7.701333333333332,5.4545,8.933000000000002,3.921,4.8785,5.722999999999999,2.006,8.329000000000002,5.072,"48628,64176"
144,Tampere,Finland,Europe,6.936,4.622,2.606,2.5490000000000004,2.848,6.3495,9.450666666666669,8.689000000000002,8.316333333333333,5.3895,8.922,3.921,4.8785,5.792000000000001,4.187000000000001,8.290500000000002,4.571000000000001,"48628,64176"
145,Turku,Finland,Europe,7.534000000000002,5.07,1.8795,1.773,3.224,6.7285,9.450666666666669,9.1755,8.712666666666667,5.347499999999999,9.10475,3.921,4.8785,6.6825,5.0975,7.751499999999999,4.5375,"48628,64176"
146,Ho Chi Minh City,Vietnam,Asia,8.618,8.844000000000001,4.93,1.7390000000000003,2.08,5.1835,4.101666666666666,6.767500000000001,5.540333333333333,4.116499999999999,1.4197499999999998,4.8345,5.045,4.565,5.874000000000001,5.943499999999999,1.2575,"2715,27598"
147,Innsbruck,Austria,Europe,6.708,4.732,2.1255,0.0,5.569500000000001,6.3740000000000006,7.596,8.273,7.884666666666666,4.33,7.366,4.663,2.666,5.0595,4.4245,8.485499999999998,3.9635,"50114,40111"
148,Vienna,Austria,Europe,6.314000000000001,5.111,5.798000000000001,3.6350000000000007,8.0315,6.21325,7.596,8.5965,8.198,4.854500000000001,9.27,4.663,2.666,6.173,8.521500000000001,8.963999999999999,5.294499999999999,"50114,40111"
149,Kathmandu,Nepal,Asia,10.0,9.445,3.2110000000000003,0.0,1.041,5.348999999999999,4.740333333333333,8.5055,4.115999999999999,0.0,1.0,4.496,5.513000000000002,2.201,5.039,9.129,3.798,"1194,956876"
150,Kiev,Ukraine,Europe,9.0845,9.817,4.0495,2.545,5.4875,5.16075,4.525333333333333,7.2555,4.850999999999999,0.5,3.6665,1.2755,5.478,6.041499999999999,8.419500000000001,6.827,5.348999999999999,"3661,456204"
151,Lviv,Ukraine,Europe,9.778,10.0,4.204,0.0,3.7615,5.485250000000001,4.525333333333333,7.822,4.869999999999999,0.0,4.82525,1.2755,5.478,5.055999999999999,7.0585,6.715999999999999,4.436000000000001,"3661,456204"
152,Kingston,Jamaica,North America,8.8955,5.937,2.648000000000001,0.0,0.8145000000000001,4.926750000000001,6.567666666666668,5.5275,6.677999999999999,0.0,3.02025,1.8295,6.073499999999999,4.483499999999999,4.2780000000000005,2.8435,3.3460000000000005,"5369,498371"
153,Kuala Lumpur,Malaysia,Asia,8.663499999999999,8.238,5.542,4.245,3.5620000000000003,4.37975,7.597333333333332,5.880999999999999,5.950333333333333,2.527,3.869999999999999,6.339,6.1265,5.4615,7.166,1.528,5.738500000000001,"11432,823"
154,Lagos,Nigeria,Africa,7.767,9.098,6.4335,2.5100000000000007,1.7479999999999998,3.56475,3.255666666666666,5.999499999999999,2.862333333333333,0.0,1.90725,5.061,6.2155000000000005,1.634,1.3585,1.406,3.8245,"2229,858652"
155,La Paz,Bolivia,South America,4.724,0.0,1.4975000000000005,0.0,1.3190000000000002,3.83425,3.4819999999999998,6.750500000000001,4.315999999999999,0.0,1.73375,4.536,4.549,1.548,1.525,6.292999999999999,5.499999999999999,"3552,068143"
156,Lima,Peru,South America,8.712,8.496,3.8835,1.65,2.012,4.759,5.001666666666667,5.2905,5.710666666666665,0.5,2.48075,3.1625000000000005,6.524,2.41,6.8085,6.0805,5.388000000000001,"7027,612207"
157,Lisbon,Portugal,Europe,6.734000000000001,7.004000000000001,6.022,3.194,4.191000000000001,5.31575,8.238666666666665,8.438,7.860333333333332,4.48,6.4115,3.483,4.1575,6.394000000000001,7.833500000000001,9.597,5.690999999999999,"23330,81729"
158,Porto,Portugal,Europe,8.109500000000002,7.422000000000001,4.313000000000001,1.886,3.1115,5.460000000000001,8.238666666666665,7.704500000000001,8.166666666666666,4.449,7.03875,3.483,4.1575,4.4945,5.625,9.5735,5.9485,"23330,81729"
159,Ljubljana,Slovenia,Europe,8.214000000000002,6.749000000000001,4.088000000000001,1.2300000000000002,2.293,5.69875,7.676666666666666,8.953,7.671666666666668,4.851999999999999,8.661750000000001,4.7205,4.8100000000000005,5.4895000000000005,4.799,8.184000000000001,1.8225,"25942,95477"
160,Luxembourg,Luxembourg,Europe,2.4530000000000003,3.411,3.307500000000001,1.8990000000000005,4.5805,5.8445,7.856666666666666,8.627999999999998,8.220333333333333,3.4795,8.57625,7.473000000000001,7.151,5.458,4.495500000000001,8.8045,1.475,"113218,7133"
161,Managua,Nicaragua,North America,4.7855,0.0,1.866,0.0,0.6075,0.0,4.600333333333333,7.774500000000001,6.403666666666666,0.0,3.3405,3.9395,3.2545,1.177,1.837,9.239,1.4335,"1926,699694"
162,Manila,Philippines,Asia,8.5955,8.751999999999999,4.805,3.547,2.6345,3.713,4.592333333333334,6.4345,4.297666666666667,0.0,1.683,5.006499999999999,4.303,4.608,7.584,5.503,4.8255,"3485,340844"
163,Minsk,Belarus,Europe,9.4955,9.289,4.3785,0.0,3.7664999999999993,5.365500000000001,5.596333333333332,9.038,5.5106666666666655,0.5,7.04825,3.204,5.926,4.863,6.949999999999999,7.4215,4.906000000000001,"6837,717826"
164,Montevideo,Uruguay,South America,8.183000000000002,6.197,2.863,2.205,1.183,5.288,7.943999999999997,5.9735000000000005,6.654999999999999,1.6900000000000002,4.545,4.416,4.8285,2.1785,4.9465,9.71,5.1785,"17688,01501"
165,Nairobi,Kenya,Africa,8.8505,8.431999999999999,6.026,4.600999999999999,2.3145,4.069,3.246333333333333,5.972,3.5983333333333327,0.5,3.1987500000000004,4.376999999999999,5.084,1.889,2.67,2.579,4.0495,"1912,647867"
166,Nicosia,Cyprus,Europe,8.631,6.301,3.407,0.0,1.606,5.491250000000001,7.438666666666665,8.102500000000001,6.758666666666667,2.475,3.672,2.9955,7.507999999999999,2.6545,6.949,7.5055,1.7755,"29206,07672"
167,Panama,Panama,North America,3.1530000000000005,0.0,3.5589999999999997,0.0,2.002,0.0,6.208666666666667,6.976000000000001,6.593333333333334,0.0,4.38425,6.040500000000001,6.947500000000001,3.1900000000000004,5.5565,6.7855,4.8195,"15774,25494"
168,Phnom Penh,Cambodia,Asia,8.552000000000001,8.001000000000001,1.4975000000000005,0.0,1.2395,4.68,1.0,6.684,2.984,0.0,2.4482500000000003,5.379999999999999,7.984000000000001,3.395,5.407,6.030500000000001,3.4330000000000007,"1643,121389"
169,Quito,Ecuador,South America,9.0165,7.822,2.857500000000001,0.0,0.8900000000000001,4.789250000000001,3.021333333333333,6.968999999999999,6.406333333333332,0.0,4.1762500000000005,3.8855,7.513999999999999,3.4815,4.8015,8.826499999999998,5.499999999999999,"6222,524653"
170,Reykjavik,Iceland,Europe,2.7715,1.0,3.168,2.875,1.1349999999999998,5.475,9.36,8.658,8.078999999999999,4.057,8.62375,5.283,4.4655000000000005,6.742,5.0205,9.565,4.8035000000000005,"68941,46223"
171,Riga,Latvia,Europe,8.933000000000002,7.329,4.3505,1.358,2.3725,5.35275,7.363333333333333,7.6255,5.710000000000001,4.090999999999999,6.966,4.094500000000001,5.929,5.841000000000001,7.7065,6.884,5.5265,"17926,84159"
172,Riyadh,Saudi Arabia,Asia,8.6965,7.806000000000001,3.6915,2.022,2.4605,4.75325,6.103999999999999,7.583000000000001,6.085666666666666,0.5035,3.3512500000000003,7.042,10.0,4.13,5.843500000000001,2.9090000000000007,0.5,"23139,79798"
173,San Jose,Costa Rica,North America,8.1645,6.728000000000001,3.822,0.0,1.1915000000000002,3.83425,5.949666666666666,6.7090000000000005,7.432666666666666,1.2095,5.256249999999999,4.081499999999999,5.751999999999999,1.5155000000000003,6.866500000000001,8.938500000000001,2.7855,"12693,82796"
174,San Juan,Puerto Rico,North America,7.427500000000001,5.98,1.4285,0.0,1.38,1.142,3.173,5.121000000000001,4.363333333333333,0.0,4.493250000000001,0.0,4.3965000000000005,4.273499999999999,6.839500000000001,3.66,5.3245000000000005,"32850,54861"
175,San Salvador,El Salvador,North America,8.8015,7.7429999999999986,1.6700000000000004,0.0,1.0595,4.6855,4.661333333333332,5.4025,5.558666666666666,0.0,1.00075,2.6590000000000003,5.5255,1.831,4.858499999999999,6.1275,1.9175,"4167,730939"
176,Santiago,Chile,South America,8.3815,7.237,6.2305,1.0,2.5355,5.550999999999999,7.765,6.9645,7.066,2.6415000000000006,4.528,3.725,8.929499999999999,1.0,7.556000000000001,7.171500000000001,5.499999999999999,"14741,7144"
177,Santo Domingo,Dominican Republic,North America,9.289,8.076000000000002,2.2275,0.0,1.003,4.56525,4.412999999999999,5.779,5.026000000000001,0.5,2.3805,6.1135,5.768,4.221,5.796500000000001,5.1095000000000015,3.4175,"8282,117131"
178,Sarajevo,Bosnia and Herzegovina,Europe,9.6925,8.659,2.584,0.0,1.207,5.708000000000001,2.580333333333333,7.132999999999999,6.525666666666666,0.0,3.666,2.088,9.118,4.6475,5.9345,7.7365,2.8705000000000003,"6119,762345"
179,Singapore,Singapore,Asia,1.745,3.4890000000000003,9.103000000000002,8.697,2.982,5.42725,9.724666666666666,9.9715,7.682666666666665,8.2465,7.95425,7.478500000000001,9.959,8.447,7.422499999999999,6.494999999999999,5.834,"65640,70795"
180,Sofia,Bulgaria,Europe,9.306,8.55,4.691,3.1550000000000007,2.6665,5.622,5.295333333333333,7.550499999999999,5.586666666666666,2.0145,4.99925,3.25,8.720500000000001,6.272500000000001,5.318499999999999,6.740500000000001,4.0565,"9879,268533"
181,Tallinn,Estonia,Europe,8.376500000000002,6.931000000000001,5.356,5.829,1.9705,5.932500000000001,8.129333333333333,9.4255,7.366333333333333,5.355,7.825500000000001,4.1850000000000005,5.341,5.202,7.0235,7.838500000000001,4.5355,"23397,87826"
182,Tartu,Estonia,Europe,8.961000000000002,7.47,2.778,0.0,1.414,6.441,8.129333333333333,9.3765,8.395,5.4035,9.416,4.1850000000000005,5.341,4.3005,4.081,7.483,3.499,"23397,87826"
183,Tashkent,Uzbekistan,Asia,5.0,0.0,1.783,0.0,2.7375000000000007,0.0,5.175333333333333,8.9045,3.693333333333333,0.0,6.555499999999999,5.5375,6.0145,1.2425000000000002,3.1760000000000006,6.1705,4.2425,"1784,009816"
184,Tel Aviv,Israel,Asia,4.91,4.370000000000001,7.3265,9.16,3.345,4.994249999999999,6.789999999999999,8.0065,8.338,3.766500000000001,6.02675,5.0265,6.9175,2.566,5.3335,5.516,5.4125,"43951,24773"
185,Tunis,Tunisia,Africa,9.968,9.998,2.969,0.0,2.6080000000000005,5.614500000000001,6.621666666666667,8.291500000000001,6.2926666666666655,0.5,3.27975,3.0920000000000005,2.599,1.0725,5.742500000000001,4.727,5.365500000000001,"3574,654024"
186,Valletta,Malta,Europe,3.1530000000000005,0.0,3.9095,2.148,1.889,0.0,5.377,8.518,8.107,2.8195,3.77575,5.5395,5.783499999999999,3.2015,5.827,7.562999999999999,4.716999999999999,"30186,19596"
187,Vilnius,Lithuania,Europe,8.621,7.576,4.223,2.8280000000000003,2.105,5.9277500000000005,7.600333333333332,8.857,6.330666666666666,3.7,8.71775,4.691,6.592499999999999,7.9265,5.198500000000001,7.393,4.106,"19575,76848"
188,Yerevan,Armenia,Asia,9.6945,9.431,3.9265,0.0,1.7870000000000004,5.64925,6.501,8.873000000000001,5.102,0.0,4.439500000000002,3.458,8.055000000000001,3.9,4.737000000000001,7.346500000000001,7.7765,"4604,646324"
189,Zagreb,Croatia,Europe,8.91,7.193999999999999,4.453,1.775,2.028,4.830000000000001,5.720333333333333,8.6575,7.266,3.211,7.331500000000001,2.2365,7.993499999999999,5.0335,4.9945,7.954500000000001,4.809,"15311,7669"
