id,UA_Name,UA_Country,UA_Continent,Housing,Cost of Living,Travel Connectivity,Commute,Safety,Healthcare,Education,Environmental Quality,Economy,Taxation,Internet Access,Leisure & Culture,Naive Sum,Label
0,Aarhus,Denmark,Europe,6.1315,4.015000000000001,3.5360000000000005,6.31175,9.616500000000002,8.704333333333333,5.3665,7.633000000000001,4.886500000000001,5.0680000000000005,8.373,3.187,86.1475,better
1,Adelaide,Australia,Oceania,6.3095,4.692,1.7765000000000004,5.33625,7.926000000000001,7.936666666666666,5.142,8.330750000000002,6.0695000000000014,4.5885,4.341,4.3285,78.5265,worse
2,Albuquerque,New Mexico,North America,7.262,6.059,1.4555000000000002,5.05575,1.3435,6.429999999999999,4.151999999999999,7.3195,6.5145,4.346,5.396000000000001,4.890000000000001,69.42275,worse
3,Almaty,Kazakhstan,Asia,9.282,9.333,4.592,5.871249999999999,7.309,4.5456666666666665,2.283,3.85675,5.269,8.522,2.886,2.9370000000000003,83.076,better
4,Amsterdam,Netherlands,Europe,3.0529999999999995,3.8240000000000007,8.3245,6.1185,8.503500000000003,7.907333333333333,6.18,7.59725,5.053000000000001,4.954999999999999,4.523000000000001,8.874,87.62924999999998,better
5,Anchorage,Alaska,North America,5.433500000000001,3.141,1.7379999999999998,4.715249999999999,3.4704999999999995,6.0603333333333325,3.6245,9.272000000000002,6.5145,4.772,4.9645,3.2660000000000005,65.08149999999999,worse
7,Ankara,Turkey,Asia,9.928,9.125,2.0475,5.291,7.425000000000002,6.914333333333333,2.0285,2.9360000000000004,4.093500000000001,4.323499999999999,2.3160000000000003,8.638499999999999,81.7725,better
8,Asheville,North Carolina,North America,5.855999999999999,5.311,1.2095,1.358,5.852500000000001,6.725333333333332,3.6245,8.49325,6.5145,4.062,4.7875,5.063,69.52199999999999,worse
10,Athens,Greece,Europe,9.052499999999998,6.5,3.707,5.21975,6.7585,7.153,3.1625,3.80225,3.3199999999999994,4.1665,2.228,7.876000000000001,77.95025,worse
11,Atlanta,Georgia,North America,4.9755,5.241,5.2915,3.89775,2.6725,6.0233333333333325,6.456999999999999,5.817749999999999,6.5145,4.204,6.4805,7.765499999999999,74.21424999999999,worse
12,Auckland,New Zealand,Oceania,4.72,4.470000000000001,1.3045000000000004,4.845000000000001,7.0215,8.162666666666665,5.0465,8.2725,5.505500000000001,5.9315,6.8500000000000005,4.395999999999999,76.84174999999999,worse
13,Austin,Texas,North America,4.3345,5.355,1.8515000000000004,4.3305,5.069,6.281666666666666,5.315000000000001,7.03075,6.5145,4.772,9.049,6.698,75.38974999999999,worse
17,Bangkok,Thailand,Asia,7.3935,7.222,4.112,4.293500000000001,7.0365,7.126666666666665,1.6915,3.37125,2.387,6.794500000000001,4.826499999999999,9.089,80.9435,better
18,Barcelona,Spain,Europe,6.323,6.074000000000001,5.806,5.69925,7.407499999999999,8.403333333333332,5.029000000000002,3.6655000000000006,4.296,3.894000000000001,6.467999999999999,8.591499999999998,86.1495,better
19,Beijing,China,Asia,6.173000000000001,8.101,7.0175,4.83675,7.066,6.423333333333333,7.971000000000002,2.0555000000000003,6.103,1.4260000000000002,3.493,7.268499999999999,81.3395,better
20,Beirut,Lebanon,Asia,6.655500000000001,6.3,1.3045000000000004,4.77275,6.833,6.1593333333333335,1.0035,1.449,3.4345000000000003,8.2805,1.5905,3.3995,64.307,worse
21,Belfast,United Kingdom,Europe,7.532000000000001,6.014000000000001,4.0985,5.28,7.678999999999999,8.168333333333333,4.6865000000000006,8.377500000000001,5.438,5.9545,5.5955,4.957000000000001,88.18350000000001,better
22,Belgrade,Serbia,Europe,9.2575,8.546000000000001,2.1365000000000003,5.578250000000001,6.6995000000000005,6.0103333333333335,0.5,4.88325,1.638,4.1665,3.863,6.497,75.85075000000002,worse
24,Bengaluru,India,Asia,9.810999999999998,10.0,4.064,4.00625,7.294,3.937,0.656,2.75575,5.5565,3.4145,2.841,3.2215000000000007,74.7825,worse
25,Bergen,Norway,Europe,5.229499999999999,1.805,3.2425000000000006,5.8875,7.7075,7.646666666666666,4.8395,7.539250000000001,7.0735,4.752,6.537000000000001,4.4875,77.14325000000001,worse
26,Berlin,Germany,Europe,6.3950000000000005,5.524,7.024999999999999,6.1960000000000015,7.251500000000001,7.990666666666666,7.019000000000001,6.771500000000001,5.373500000000001,3.9035,4.677999999999999,8.881,90.59225,better
27,Bern,Switzerland,Europe,4.922500000000001,1.0,5.2635000000000005,5.19775,9.266,7.520333333333333,5.3455,9.2445,6.552,6.4285000000000005,6.1145000000000005,4.245,82.41350000000001,better
28,Bilbao,Spain,Europe,6.888000000000001,5.638,4.1735,5.774750000000001,8.7805,9.320666666666666,3.759000000000001,8.328000000000001,4.296,3.894000000000001,5.756,6.013999999999999,88.14325000000001,better
29,Birmingham,United Kingdom,Europe,5.9035,5.814,5.8450000000000015,5.4935,6.946500000000001,8.293666666666667,5.0265,5.7385,5.438,5.9545,5.940000000000001,4.4350000000000005,84.71675,better
30,Birmingham,Alabama,North America,6.5555,5.133,1.4354999999999998,2.02075,1.776,6.540999999999999,3.6245,7.0375,6.5145,4.204,5.1605,5.3835,64.2945,worse
31,Bogota,Colombia,South America,9.0275,9.079999999999998,1.889,4.964,6.222000000000001,6.301666666666667,1.534,4.3475,4.5945,1.8515000000000004,2.9760000000000004,6.215,74.49575,worse
32,Boise,Idaho,North America,6.9635,6.578,1.3235,5.2250000000000005,4.3605,6.797333333333332,3.6245,8.069500000000001,6.5145,4.062,3.442,4.1995,72.35900000000001,worse
33,Bologna,Italy,Europe,7.471999999999999,5.189,3.682,5.53,7.337,8.577666666666667,4.202500000000001,5.460250000000001,3.3625,2.4365,7.7105,5.736000000000001,80.7235,better
34,Bordeaux,France,Europe,7.1915,4.583,4.876,5.54975,7.466,8.823333333333332,4.442,7.261000000000001,4.2045,2.648000000000001,3.875,5.3005,80.46949999999998,better
35,Boston,Massachusetts,North America,1.0,4.259,3.215,4.39625,7.742000000000001,6.728999999999998,8.6245,8.1705,6.5145,4.062,5.700500000000001,8.564,76.13749999999999,worse
36,Boulder,Colorado,North America,3.704,4.531,4.207,6.138000000000002,7.0735,7.050333333333333,4.679,9.84375,6.5145,4.346,6.2780000000000005,2.5649999999999995,77.8735,worse
38,Bratislava,Slovakia,Europe,7.874499999999999,7.618,4.890000000000001,5.8115000000000006,8.618,6.751999999999999,3.2975,6.199999999999999,4.4705,4.937,4.583500000000001,6.186,87.46600000000001,better
39,Brighton,United Kingdom,Europe,2.49,5.324,8.322,5.547500000000001,8.4715,7.716333333333331,4.906000000000001,8.245750000000001,5.438,5.9545,4.7585,4.8695,85.7525,better
40,Brisbane,Australia,Oceania,5.212,5.1770000000000005,2.4345,4.617750000000001,7.903500000000001,8.317666666666666,5.920999999999999,8.82775,6.0695000000000014,4.5885,4.407500000000001,4.01,79.0485,worse
41,Bristol,United Kingdom,Europe,5.215999999999999,5.242,4.890000000000001,5.4437500000000005,7.939999999999999,8.251666666666665,5.4615,6.472250000000001,5.438,5.9545,6.478000000000001,3.8625,83.68924999999999,better
42,Brno,Czechia,Europe,8.329000000000002,7.925999999999998,2.601,5.827249999999999,8.5655,8.096666666666666,4.226500000000001,6.05525,4.378000000000001,5.9335,7.020500000000002,5.3525,89.9575,better
43,Brussels,Belgium,Europe,6.355,4.477,7.4675,5.386750000000001,6.703,8.158333333333333,6.6530000000000005,4.591000000000001,4.8115000000000006,1.883,7.5715,8.143999999999998,85.4555,better
44,Bucharest,Romania,Europe,9.186500000000002,8.516,3.4955,5.072500000000001,8.985999999999999,6.075333333333333,2.4475,3.41925,4.103,6.839,9.638,6.959499999999999,91.644,better
45,Budapest,Hungary,Europe,8.570500000000001,7.947999999999999,4.426500000000001,5.395000000000001,8.218499999999999,5.745999999999999,3.693,5.2875,4.946,6.1075,6.759,8.253000000000002,90.95875,better
46,Buenos Aires,Argentina,South America,8.812000000000001,7.763999999999999,3.77,4.9235,6.0395,6.978999999999998,1.422,4.869,2.884,1.568,1.5275,7.6735,74.20325000000001,worse
47,Buffalo,New York,North America,7.0765,5.228000000000001,1.511,2.154,7.1885,6.457333333333333,4.212,8.329249999999998,6.5145,3.9205,6.757999999999999,4.32,75.29425,worse
48,Cairo,Egypt,Africa,10.0,10.0,3.7575,3.99025,6.791,4.041,0.5,1.1555000000000002,2.978,5.101,2.405,6.1855,73.94950000000001,worse
49,Calgary,Canada,North America,6.495000000000001,5.417999999999999,2.514,5.157500000000001,7.923,8.026333333333334,5.5550000000000015,8.191499999999998,5.8405000000000005,7.2745000000000015,5.6705000000000005,4.268,84.74450000000002,better
50,Cambridge,United Kingdom,Europe,4.1055,4.851,6.887499999999999,5.627750000000001,9.504499999999998,8.189,6.554500000000001,8.0165,5.438,5.9545,5.8095,2.455,86.88475,better
51,Cape Town,South Africa,Africa,6.7635000000000005,7.955,2.1630000000000003,3.8425,5.327999999999999,4.343,0.8945000000000001,6.6085,2.7680000000000007,5.151,5.612500000000001,4.736000000000001,68.9945,worse
53,Cardiff,United Kingdom,Europe,7.065,6.082,4.890000000000001,5.764749999999999,8.21,8.318333333333332,4.785500000000001,6.607249999999999,5.438,5.9545,5.101,5.0285,88.13474999999998,better
55,Charleston,South Carolina,North America,4.6370000000000005,3.567,1.399,4.62075,5.0555,6.779666666666666,3.6245,7.276,6.5145,4.062,6.093,6.595000000000001,69.13074999999999,worse
56,Charlotte,North Carolina,North America,5.549,4.987,3.679,4.134,5.347499999999999,6.432333333333333,3.6245,8.009249999999998,6.5145,4.062,6.3870000000000005,5.606,75.51724999999999,worse
57,Chattanooga,Tennessee,North America,6.782,6.121,1.2095,0.7969999999999999,4.468,6.242999999999999,3.6245,7.1515,6.5145,4.772,8.365,4.1625,70.80999999999999,worse
58,Chennai,India,Asia,10.0,10.0,4.208,4.8420000000000005,7.837000000000001,4.074666666666666,0.5115000000000001,2.3945000000000007,5.5565,3.4145,6.825500000000001,2.2275,79.69575000000002,worse
59,Chiang Mai,Thailand,Asia,9.3725,8.495000000000001,1.6945,5.141249999999999,8.452500000000002,7.393666666666667,1.6875,3.981,2.387,6.794500000000001,4.2865,6.847500000000001,83.39375000000001,better
60,Chicago,Illinois,North America,3.702,4.766000000000001,5.5075,4.57975,3.832,6.215999999999998,7.999,6.8045,6.5145,4.062,6.599499999999999,8.193,76.788,worse
61,Chisinau,Moldova,Europe,9.6765,9.343,1.6025,5.495,7.627999999999999,5.065999999999999,1.3995,4.33825,3.9765000000000006,6.2325,5.3615,2.7120000000000006,78.7895,worse
62,Christchurch,New Zealand,Oceania,6.934000000000001,5.096,0.8334999999999999,5.51775,7.584999999999999,8.312333333333333,4.756,9.2565,5.505500000000001,5.9315,5.922,3.223500000000001,80.876,better
63,Cincinnati,Ohio,North America,6.6775,6.1080000000000005,1.9265,4.743500000000001,4.975,6.345999999999999,4.2805,7.1095,6.5145,3.9205,6.512000000000001,6.118000000000001,76.10775,worse
64,Cleveland,Ohio,North America,7.155999999999999,5.595,2.077500000000001,4.42125,3.637,6.755666666666666,4.6185,7.2505,6.5145,3.9205,5.476500000000001,5.696500000000001,73.42075,worse
65,Cluj-Napoca,Romania,Europe,9.165,8.794,1.7625000000000002,5.876,9.4745,6.434333333333333,2.4480000000000004,6.40075,4.103,6.839,8.6655,2.6275000000000004,89.18124999999999,better
66,Cologne,Germany,Europe,6.5265,5.606999999999999,7.282000000000001,5.381749999999999,6.6295,8.04,5.1035,6.48,5.373500000000001,3.9035,5.666,5.3225,85.80650000000001,better
67,Colorado Springs,Colorado,North America,6.4995,5.375,1.266,1.7352500000000004,5.3775,5.843999999999999,3.6245,8.526500000000002,6.5145,4.346,5.9225,3.812,69.212,worse
68,Columbus,Ohio,North America,6.2895,5.746000000000001,1.663,5.02675,5.2815,6.406,5.047499999999999,8.166,6.5145,3.9205,4.5535,6.465999999999999,75.25,worse
69,Copenhagen,Denmark,Europe,4.227,3.426,6.3,6.2955000000000005,9.1525,7.985333333333334,5.301,8.27225,4.886500000000001,5.0680000000000005,7.239500000000001,7.063000000000001,88.1115,better
70,Cork,Ireland,Europe,5.514500000000001,4.902,2.3615,5.504250000000001,8.839500000000001,7.426333333333334,4.879,8.012750000000002,7.514500000000001,6.254999999999999,9.143999999999998,2.5315,84.96725,better
71,Curitiba,Brazil,South America,9.4295,8.433,0.8900000000000001,4.950250000000001,5.9465,5.897,1.0165000000000002,7.75725,2.187,2.8525,3.1420000000000003,7.1875,74.47875,worse
72,Dallas,Texas,North America,5.259000000000001,6.090999999999999,4.746499999999999,4.4705,4.339,6.086666666666666,4.284,6.693,6.5145,4.772,6.460999999999999,7.1685,78.00474999999999,worse
74,Delhi,India,Asia,9.752,9.869,5.642,3.71225,6.4185,3.7126666666666654,0.512,2.2030000000000003,5.5565,3.4145,3.588,5.683,77.50449999999998,worse
75,Denver,Colorado,North America,3.8375,5.102,4.243,4.530000000000001,5.371,6.220333333333333,3.6245,7.11675,6.5145,4.346,5.418500000000001,6.2235,73.12225,worse
76,Des Moines,Iowa,North America,6.850999999999999,6.327,1.379,2.0722500000000004,6.984,6.709,3.6245,8.68225,6.5145,4.346,5.698,6.0665,77.56675,worse
77,Detroit,Michigan,North America,6.223000000000001,6.032,3.6405,0.933,4.4615,5.786333333333332,5.8185,4.04675,6.5145,3.7785,6.167000000000002,7.478,71.042,worse
78,Doha,Qatar,Asia,2.1315,6.183,2.6425,4.61625,9.486,7.4336666666666655,1.4335,3.94175,9.39,10.0,3.245,4.6205,78.34525,worse
79,Dresden,Germany,Europe,7.884500000000001,6.0280000000000005,3.536000000000001,4.959999999999999,8.463999999999999,8.393666666666666,5.124500000000001,8.110750000000001,5.373500000000001,3.9035,5.6035,6.6385,88.61124999999998,better
80,Dubai,United Arab Emirates,Asia,2.591,5.49,4.508,4.2285,9.172,6.392,2.28,6.035500000000001,7.885999999999999,10.0,3.151,4.6705,79.341,worse
81,Dublin,Ireland,Europe,2.5125,4.005000000000001,4.7615,5.44625,7.121499999999999,6.8103333333333325,5.6065,6.5015,7.514500000000001,6.254999999999999,8.3435,7.134500000000001,81.81475,better
82,Dusseldorf,Germany,Europe,6.282000000000001,5.134,6.6695,5.283000000000001,8.166,8.003666666666666,4.306500000000001,7.375499999999999,5.373500000000001,3.9035,5.666,4.664000000000001,85.8015,better
83,Edinburgh,United Kingdom,Europe,5.8450000000000015,5.114,5.185,5.967500000000001,8.485,8.552333333333332,6.092500000000001,7.763,5.438,5.9545,5.1755,7.200500000000001,90.31725,better
84,Edmonton,Canada,North America,6.729500000000001,5.522,1.902,5.09725,7.1175000000000015,8.269,5.948,8.17575,5.8405000000000005,7.2745000000000015,4.609999999999999,3.974,82.25600000000001,better
85,Eindhoven,Netherlands,Europe,6.252000000000001,5.125,4.807499999999999,6.031750000000001,9.107,8.559333333333333,5.0805,8.805,5.053000000000001,4.954999999999999,7.658999999999999,4.333500000000001,90.15374999999999,better
86,Eugene,Oregon,North America,6.713,5.021,1.192,5.627000000000001,6.171500000000001,6.566666666666666,4.1735,8.231,6.5145,3.9205,4.756000000000001,2.9560000000000004,72.58800000000001,worse
87,Florence,Italy,Europe,6.775,4.649,4.306,6.0287500000000005,7.9725,8.163666666666666,4.058000000000001,6.009000000000001,3.3625,2.4365,4.4415,8.503499999999999,80.61000000000001,better
88,Florianopolis,Brazil,South America,9.0595,8.331000000000001,0.683,4.78775,6.525,5.432999999999999,1.0165000000000002,4.943999999999999,2.187,2.8525,3.185,5.33,68.84175,worse
90,Frankfurt,Germany,Europe,5.957,5.143,8.529,5.923,6.8375,7.707333333333334,5.2065,6.4755,5.373500000000001,3.9035,4.079,6.492,86.1105,better
92,Galway,Ireland,Europe,6.275500000000001,4.9270000000000005,2.3615,5.68975,8.89,7.069999999999999,5.0075,7.51875,7.514500000000001,6.254999999999999,7.637499999999999,1.1150000000000002,82.52024999999999,better
93,Gdansk,Poland,Europe,8.508,8.126999999999999,2.8345,5.861,8.0405,6.855666666666666,4.6615,7.794500000000001,4.7615,5.097,5.036,5.515,87.94425,better
94,Geneva,Switzerland,Europe,1.0775,1.0,5.866500000000001,6.003,8.427,7.443,5.186,8.601750000000001,6.552,6.4285000000000005,8.378499999999999,5.244000000000001,79.52175000000001,worse
96,Glasgow,United Kingdom,Europe,6.9285000000000005,5.623,6.1995000000000005,5.35225,7.496,8.813333333333333,5.306500000000001,7.100999999999999,5.438,5.9545,4.252999999999999,4.671000000000001,88.01350000000001,better
97,Gothenburg,Sweden,Europe,6.725,5.046000000000001,3.6575,5.96875,7.296,8.101666666666667,4.7775,8.58975,5.694499999999999,2.7495000000000003,6.1925,4.0045,81.82749999999999,better
98,Grenoble,France,Europe,7.505000000000001,4.317,3.996,5.52575,5.8875,9.063,4.549,6.151,4.2045,2.648000000000001,3.758,3.1785,73.89299999999999,worse
99,Guadalajara,Mexico,North America,9.527,9.49,1.7294999999999998,4.3455,6.472000000000001,7.034333333333333,1.2095,3.34325,3.5005,4.333500000000001,4.0925,7.657,79.25625,worse
101,Halifax,Canada,North America,6.895000000000001,4.9430000000000005,1.5699999999999998,5.402750000000001,7.188500000000001,7.885666666666666,5.42,7.618499999999999,5.8405000000000005,7.2745000000000015,6.123500000000001,3.942,81.63500000000002,better
102,Hamburg,Germany,Europe,5.944500000000001,4.904,5.685000000000001,5.8265,6.4590000000000005,8.129999999999999,4.306500000000001,8.123999999999999,5.373500000000001,3.9035,5.560499999999999,6.3525,83.97750000000002,better
103,Hannover,Germany,Europe,7.754000000000001,6.000000000000001,5.646,6.54975,7.352500000000002,8.133666666666667,4.834,9.13125,5.373500000000001,3.9035,5.666,3.5255,88.89574999999999,better
105,Helsinki,Finland,Europe,5.396000000000001,4.121,4.7505,5.77925,8.674000000000001,7.953666666666665,5.4545,9.301,3.921,4.8785,5.1035,7.054500000000001,85.10775000000001,better
106,Ho Chi Minh City,Vietnam,Asia,8.618,8.844000000000001,2.08,5.1835,6.767500000000001,5.540333333333333,4.116499999999999,1.4197499999999998,4.8345,5.045,4.565,5.874000000000001,76.75474999999999,worse
107,Hong Kong,Hong Kong,Asia,1.0,4.967,3.679,5.54025,9.3505,4.154000000000001,9.711,4.53325,6.4825,8.380499999999998,6.2275,7.0585,77.80375000000001,worse
108,Honolulu,Hawaii,North America,2.3415000000000004,2.867,1.983,4.1617500000000005,6.8565000000000005,6.430999999999997,4.2805,6.094000000000001,6.5145,4.204,6.158,7.622999999999999,67.614,worse
109,Houston,Texas,North America,5.224500000000001,6.162,4.338500000000001,4.03075,3.129,6.379,4.928,5.304500000000001,6.5145,4.772,6.248499999999999,7.144,74.32775000000001,worse
111,Indianapolis,Indiana,North America,6.266,5.478,1.6815000000000002,4.85875,3.968,6.151333333333332,3.6245,6.1605,6.5145,4.062,5.875500000000001,7.298999999999999,71.89974999999998,worse
112,Innsbruck,Austria,Europe,6.708,4.732,5.569500000000001,6.3740000000000006,8.273,7.884666666666666,4.33,7.366,4.663,2.666,5.0595,4.4245,82.46875,better
113,Istanbul,Turkey,Asia,9.1375,8.787,5.8355,4.06575,6.8935,6.839999999999998,2.1525,3.40475,4.093500000000001,4.323499999999999,3.5005,10.0,86.70450000000001,better
114,Jacksonville,Florida,North America,6.450000000000001,5.359,1.5674999999999997,1.40575,3.8255,6.199,3.6245,7.12025,6.5145,4.772,6.157500000000001,5.6545000000000005,68.53824999999999,worse
115,Jakarta,Indonesia,Asia,8.671,8.471,2.4885000000000006,3.640000000000001,7.0005,4.183999999999999,1.0275,2.4857500000000003,4.657500000000001,6.266,4.498999999999999,8.146,76.4305,worse
116,Johannesburg,South Africa,Africa,8.012,7.575000000000001,3.2030000000000003,3.91575,5.165500000000001,3.6486666666666654,0.7585,4.325500000000001,2.7680000000000007,5.151,2.8375,4.4015,65.18475000000001,worse
117,Kansas City,Missouri,North America,6.7075,5.844,1.869,1.9725000000000004,4.422500000000001,6.4496666666666655,3.6245,7.9765,6.5145,4.062,8.188500000000001,6.674500000000001,75.13974999999999,worse
118,Karlsruhe,Germany,Europe,7.764499999999998,5.294,4.7985,4.905499999999999,6.858,8.412,5.2075000000000005,7.7675,5.373500000000001,3.9035,4.5945,3.9865,82.82525,better
120,Kiev,Ukraine,Europe,9.0845,9.817,5.4875,5.16075,7.2555,4.850999999999999,0.5,3.6665,1.2755,5.478,6.041499999999999,8.419500000000001,85.03499999999998,better
122,Knoxville,Tennessee,North America,6.975499999999999,6.447000000000001,1.379,1.943,5.1295,6.421666666666667,4.212,3.72325,6.5145,4.772,7.092499999999999,4.495500000000001,70.17575000000001,worse
123,Krakow,Poland,Europe,8.4245,8.509,2.9285000000000005,5.629,8.521500000000001,6.853999999999999,4.6625000000000005,4.802,4.7615,5.097,5.7875,7.839999999999999,89.10449999999999,better
124,Kuala Lumpur,Malaysia,Asia,8.663499999999999,8.238,3.5620000000000003,4.37975,5.880999999999999,5.950333333333333,2.527,3.869999999999999,6.339,6.1265,5.4615,7.166,83.04849999999999,better
129,Las Vegas,Nevada,North America,7.001,5.759,3.5285,4.807499999999999,2.385,5.6353333333333335,3.6245,5.556500000000001,6.5145,4.772,5.3035,6.3685,71.59799999999998,worse
130,Lausanne,Switzerland,Europe,4.0755,1.0,6.5145,5.85825,8.032499999999999,7.351999999999999,6.622,8.809750000000001,6.552,6.4285000000000005,4.146,4.222,79.78925,worse
131,Leeds,United Kingdom,Europe,6.811,5.363,6.595000000000001,5.1057500000000005,7.731,8.633666666666667,4.9825,5.922000000000001,5.438,5.9545,7.329499999999999,3.7435,88.685,better
132,Leipzig,Germany,Europe,8.177,5.9110000000000005,4.337,6.01375,7.277000000000001,7.300333333333332,4.306500000000001,9.03275,5.373500000000001,3.9035,5.646500000000001,4.5265,86.15325,better
133,Lille,France,Europe,7.532000000000001,5.399000000000001,6.020000000000001,2.29375,6.942,9.071,4.3935,4.2395,4.2045,2.648000000000001,3.826999999999999,5.1095000000000015,76.96499999999999,worse
134,Lima,Peru,South America,8.712,8.496,2.012,4.759,5.2905,5.710666666666665,0.5,2.48075,3.1625000000000005,6.524,2.41,6.8085,71.72649999999999,worse
135,Lisbon,Portugal,Europe,6.734000000000001,7.004000000000001,4.191000000000001,5.31575,8.438,7.860333333333332,4.48,6.4115,3.483,4.1575,6.394000000000001,7.833500000000001,87.17625000000001,better
136,Liverpool,United Kingdom,Europe,7.485,6.02,6.649500000000001,4.541,7.7285,9.027666666666669,4.872,7.275250000000001,5.438,5.9545,8.994,5.393,95.39775000000002,better
137,Ljubljana,Slovenia,Europe,8.214000000000002,6.749000000000001,2.293,5.69875,8.953,7.671666666666668,4.851999999999999,8.661750000000001,4.7205,4.8100000000000005,5.4895000000000005,4.799,87.42650000000002,better
138,London,United Kingdom,Europe,1.0,3.94,9.4025,5.3955,7.243500000000001,8.017999999999999,9.027,5.547750000000001,5.438,5.9545,5.8455,9.4555,86.55625,better
139,Los Angeles,California,North America,1.5275,4.556000000000001,3.9585,3.677000000000001,5.705,6.027333333333332,8.6245,4.7315000000000005,6.5145,4.7675,5.496500000000001,9.196,71.35674999999999,worse
140,Louisville,Kentucky,North America,7.258,6.358000000000001,1.473,1.954,3.6175,6.162333333333332,3.6245,6.601249999999999,6.5145,4.062,5.526999999999999,5.6935,69.46775,worse
141,Luxembourg,Luxembourg,Europe,2.4530000000000003,3.411,4.5805,5.8445,8.627999999999998,8.220333333333333,3.4795,8.57625,7.473000000000001,7.151,5.458,4.495500000000001,81.67725,better
143,Lyon,France,Europe,6.697000000000001,4.349,5.963000000000001,5.18525,7.134499999999999,8.641666666666666,4.5805,6.54325,4.2045,2.648000000000001,9.403,5.987500000000001,85.4395,better
144,Madison,Wisconsin,North America,5.8295,6.173,1.2295,5.473750000000001,7.362000000000001,7.006999999999999,5.385999999999999,9.524,6.5145,4.204,4.9925,4.422000000000001,79.22524999999999,worse
145,Madrid,Spain,Europe,6.414000000000001,6.2490000000000006,5.8555,5.285750000000001,7.7925,8.916333333333332,4.291500000000001,5.5655,4.296,3.894000000000001,6.241,9.338,89.607,better
146,Malaga,Spain,Europe,8.0515,7.375,4.3605,5.78275,7.693,8.655666666666667,3.759000000000001,8.108250000000002,4.296,3.894000000000001,6.1895,6.389,90.7425,better
147,Malmo,Sweden,Europe,7.263000000000001,5.57,4.7675,5.646750000000001,6.598000000000001,8.215,3.893,9.2055,5.694499999999999,2.7495000000000003,8.219999999999999,2.3445,84.42750000000001,better
149,Manchester,United Kingdom,Europe,6.455500000000001,5.049000000000001,6.397500000000001,4.728,6.7725,8.518999999999998,5.652,4.363,5.438,5.9545,5.814,4.9750000000000005,83.88874999999999,better
151,Marseille,France,Europe,7.5885,6.026000000000002,5.950500000000001,5.86075,5.252,8.843666666666666,4.442,3.942,4.2045,2.648000000000001,5.5425,5.443000000000001,80.35275000000001,better
152,Medellin,Colombia,South America,9.2315,9.315,0.928,5.3545,7.477,6.790666666666666,1.531,6.17075,4.5945,1.8515000000000004,4.1485,5.029,78.52749999999999,worse
153,Melbourne,Australia,Oceania,4.829999999999999,4.798000000000001,2.8465000000000003,4.872,7.1325,8.015999999999998,6.2205,7.891499999999999,6.0695000000000014,4.5885,5.896000000000001,6.461,80.32325,better
154,Memphis,Tennessee,North America,7.1145000000000005,5.829,1.6615000000000002,1.9175,2.8585000000000003,4.951333333333333,3.6245,4.545249999999999,6.5145,4.772,6.07,6.860499999999999,66.11425,worse
155,Mexico City,Mexico,North America,8.360000000000001,9.244,2.87,3.806,5.464000000000001,6.379999999999999,1.713,2.5062500000000005,3.5005,4.333500000000001,5.8405000000000005,9.962,79.28225000000002,worse
156,Miami,Florida,North America,3.031,4.497,4.1690000000000005,4.0527500000000005,4.321,6.031,4.3945,6.292,6.5145,4.772,5.824,6.7675,69.4935,worse
157,Milan,Italy,Europe,5.194500000000001,4.801000000000001,6.683,5.5120000000000005,7.378000000000001,8.444666666666667,4.283,4.458,3.3625,2.4365,5.013999999999999,7.917000000000001,79.59325,worse
158,Milwaukee,Wisconsin,North America,6.1225,5.526,1.5875,4.915000000000001,4.267,6.082333333333333,4.177,7.989000000000001,6.5145,4.204,4.346,6.8375,72.27250000000001,worse
159,Minneapolis-Saint Paul,Minnesota,North America,4.738500000000001,5.042000000000001,3.544,4.924999999999999,5.085000000000001,6.680999999999999,5.2745,8.362,6.5145,4.062,6.258499999999999,6.8505,77.24549999999999,worse
160,Minsk,Belarus,Europe,9.4955,9.289,3.7664999999999993,5.365500000000001,9.038,5.5106666666666655,0.5,7.04825,3.204,5.926,4.863,6.949999999999999,89.25625,better
161,Montevideo,Uruguay,South America,8.183000000000002,6.197,1.183,5.288,5.9735000000000005,6.654999999999999,1.6900000000000002,4.545,4.416,4.8285,2.1785,4.9465,69.33475,worse
162,Montreal,Canada,North America,7.392000000000001,5.948,3.443,5.107,7.822,7.395,7.299000000000001,7.7215,5.8405000000000005,7.2745000000000015,4.478000000000001,6.9175,88.98850000000002,better
163,Moscow,Russia,Europe,6.555000000000001,8.099,9.0545,4.546250000000001,7.478,4.763,4.5725,5.27475,3.148,6.017000000000001,6.571,8.875499999999999,90.643,better
164,Mumbai,India,Asia,8.124,9.825,5.414,3.94,7.618500000000001,3.802333333333333,0.5275,2.0965,5.5565,3.4145,3.429,4.968499999999999,75.84450000000001,worse
165,Munich,Germany,Europe,4.23,4.648,8.056500000000002,6.013999999999999,9.049,8.370999999999999,7.554499999999999,9.018250000000002,5.373500000000001,3.9035,5.155000000000001,7.335999999999999,92.10925,better
166,Nairobi,Kenya,Africa,8.8505,8.431999999999999,2.3145,4.069,5.972,3.5983333333333327,0.5,3.1987500000000004,4.376999999999999,5.084,1.889,2.67,65.28875,worse
167,Nantes,France,Europe,7.7225,5.021,4.989,5.997750000000001,7.6355,8.533333333333333,4.4045000000000005,7.323,4.2045,2.648000000000001,4.867,4.351000000000001,82.4455,better
168,Naples,Italy,Europe,8.215,5.81,3.9410000000000007,4.70575,6.389500000000002,7.186333333333332,4.058000000000001,1.65625,3.3625,2.4365,5.314000000000001,6.045,72.86175000000001,worse
169,Nashville,Tennessee,North America,4.4545,5.742000000000001,1.9080000000000004,4.501,5.078,5.952999999999999,4.733,7.056499999999999,6.5145,4.772,6.6370000000000005,7.0200000000000005,73.57074999999999,worse
170,New Orleans,Louisiana,North America,5.339,4.991999999999999,1.757,4.6275,2.088,5.884,4.151999999999999,5.674,6.5145,4.346,6.453000000000001,7.1985,66.9795,worse
171,New York,New York,North America,1.0,2.342,6.675,5.51925,7.022,6.105333333333332,8.0935,5.233749999999999,6.5145,3.9205,7.0985,10.0,77.04974999999999,worse
172,Nice,France,Europe,6.4985,4.475,6.46,6.051,7.234,8.329666666666665,4.4045000000000005,6.423,4.2045,2.648000000000001,6.472,4.7795,82.27599999999998,better
173,Nicosia,Cyprus,Europe,8.631,6.301,1.606,5.491250000000001,8.102500000000001,6.758666666666667,2.475,3.672,2.9955,7.507999999999999,2.6545,6.949,77.60649999999998,worse
174,Oklahoma City,Oklahoma,North America,7.261000000000001,6.394,1.399,5.02725,4.6855,5.976666666666666,3.6245,7.61525,6.5145,4.204,7.689,5.376000000000001,76.8125,worse
175,Omaha,Nebraska,North America,7.040500000000001,5.994000000000001,1.4165,2.1277500000000003,5.5520000000000005,6.893999999999999,4.128,7.876000000000001,6.5145,4.204,6.3065,4.942,74.38025000000002,worse
176,Orlando,Florida,North America,5.778499999999999,5.284,3.7735,4.33875,4.134,5.9673333333333325,3.6245,6.676,6.5145,4.772,4.886,5.9295,72.33500000000001,worse
177,Osaka,Japan,Asia,7.8315,4.819,6.201499999999999,5.255000000000001,10.0,8.705333333333332,5.589499999999999,5.326750000000001,3.7235,6.033,3.724,7.2265,90.41950000000001,better
178,Oslo,Norway,Europe,3.768,1.0380000000000005,5.177,5.775250000000001,7.1065000000000005,7.909999999999998,5.144500000000001,8.42425,7.0735,4.752,7.9705,5.899,79.96600000000001,worse
179,Ottawa,Canada,North America,6.700499999999999,6.027,1.532,5.4052500000000006,8.4475,8.011333333333333,5.423500000000001,9.29225,5.8405000000000005,7.2745000000000015,6.267499999999999,6.0920000000000005,88.96125,better
181,Oxford,United Kingdom,Europe,3.65,4.941000000000001,7.926000000000001,5.95825,8.5685,7.970000000000001,6.638000000000001,7.553750000000001,5.438,5.9545,6.1545000000000005,5.495,89.45625000000001,better
184,Paris,France,Europe,3.5835,3.664,10.0,5.330500000000001,6.2465,8.207666666666666,7.085,4.36225,4.2045,2.648000000000001,9.716,9.8165,87.17275,better
185,Perth,Australia,Oceania,5.233,4.795,2.1105,4.695,7.1045,8.059333333333331,5.143,8.132500000000002,6.0695000000000014,4.5885,4.1785,4.5115,75.70049999999999,worse
186,Philadelphia,Pennsylvania,North America,4.207,4.422000000000001,3.556,4.1315,3.133,6.482666666666664,6.0285,5.1240000000000006,6.5145,3.7785,7.443,8.492,71.19874999999999,worse
188,Phoenix,Arizona,North America,6.533,6.208,3.3025,4.828500000000001,2.583,6.126333333333331,4.590999999999999,4.625249999999999,6.5145,4.488,6.178,6.8100000000000005,72.869,worse
189,Phuket,Thailand,Asia,8.823,7.602000000000001,1.8075,4.50425,5.7285,6.653666666666665,1.187,3.62425,2.387,6.794500000000001,3.615,4.8135,72.254,worse
190,Pittsburgh,Pennsylvania,North America,5.963500000000002,4.795,1.7379999999999998,4.308,4.791,6.399666666666666,6.5935,6.874250000000001,6.5145,3.7785,8.669500000000001,6.859,75.83125,worse
192,Portland,Oregon,North America,4.138,4.924,2.2405,4.908,5.1805,6.317666666666667,4.2155,8.4595,6.5145,3.9205,5.968500000000001,6.2195,72.29925,worse
193,Porto,Portugal,Europe,8.109500000000002,7.422000000000001,3.1115,5.460000000000001,7.704500000000001,8.166666666666666,4.449,7.03875,3.483,4.1575,4.4945,5.625,84.25450000000002,better
194,Porto Alegre,Brazil,South America,9.221000000000002,8.120000000000001,0.9655,5.105,5.2955,5.56,1.017,4.13975,2.187,2.8525,2.196,7.7035,68.43525,worse
195,Prague,Czechia,Europe,7.4305,7.569,5.4815000000000005,5.846500000000001,8.6595,7.8809999999999985,4.238,7.0142500000000005,4.378000000000001,5.9335,6.0905,8.464500000000001,95.3785,better
197,Quebec,Canada,Europe,8.5175,6.037,1.3815000000000002,5.279999999999999,9.1595,8.131333333333334,5.42,7.3155,5.8405000000000005,7.2745000000000015,3.2985,5.636500000000001,87.19575,better
199,Raleigh,North Carolina,North America,6.128500000000001,5.610000000000001,1.757,4.78425,6.5225,6.677333333333333,7.1165,8.583750000000002,6.5145,4.062,7.9515,6.613,82.11025,better
200,Reykjavik,Iceland,Europe,2.7715,1.0,1.1349999999999998,5.475,8.658,8.078999999999999,4.057,8.62375,5.283,4.4655000000000005,6.742,5.0205,70.1035,worse
201,Richmond,Virginia,North America,6.439500000000002,5.949,1.38,5.648499999999999,3.3765,6.488333333333332,3.6245,6.6217500000000005,6.5145,4.204,7.645499999999999,6.3385,74.235,worse
202,Riga,Latvia,Europe,8.933000000000002,7.329,2.3725,5.35275,7.6255,5.710000000000001,4.090999999999999,6.966,4.094500000000001,5.929,5.841000000000001,7.7065,85.89025000000001,better
203,Rio De Janeiro,Brazil,South America,8.32,7.751,1.493,4.55325,5.2955,4.849666666666666,1.0175,3.32275,2.187,2.8454999999999995,2.338,8.6675,65.98649999999999,worse
204,Riyadh,Saudi Arabia,Asia,8.6965,7.806000000000001,2.4605,4.75325,7.583000000000001,6.085666666666666,0.5035,3.3512500000000003,7.042,10.0,4.13,5.843500000000001,84.31925000000001,better
205,Rochester,New York,North America,6.727,5.488,1.398,1.90775,5.899,6.106,4.494999999999999,5.93525,6.5145,3.9205,5.551,5.335,69.83849999999998,worse
206,Rome,Italy,Europe,5.6025,5.323,6.4335,4.533250000000001,6.604500000000001,7.863666666666665,4.157000000000001,4.2765,3.3625,2.4365,4.491,9.11,78.029,worse
207,Rotterdam,Netherlands,Europe,6.0440000000000005,4.934000000000001,8.1805,5.9670000000000005,8.268,8.329,4.306500000000001,7.08675,5.053000000000001,4.954999999999999,5.852500000000001,5.427499999999999,90.12825,better
208,Saint Petersburg,Russia,Europe,8.3605,8.673,5.8805,4.626,7.793000000000001,4.951999999999999,4.282,4.324250000000001,3.148,6.0445,5.6425,9.6535,89.06824999999998,better
209,Salt Lake City,Utah,North America,6.141000000000001,6.172000000000001,2.736999999999999,4.573999999999999,5.657,6.246333333333332,4.2805,6.21575,6.5145,4.204,6.810500000000001,5.932,76.82100000000001,worse
210,San Antonio,Texas,North America,6.402000000000001,6.683,1.6815000000000002,4.96475,4.2165,6.307,4.151999999999999,6.201499999999999,6.5145,4.772,8.0745,6.6955,77.23375,worse
211,San Diego,California,North America,2.9335,5.156000000000001,2.6220000000000003,4.40975,6.933,6.519666666666666,5.4575,7.26725,6.5145,4.488,5.999,8.21,75.86349999999999,worse
212,San Francisco Bay Area,California,North America,1.0,2.618,3.654500000000001,4.687250000000001,5.7155000000000005,6.448999999999999,8.6245,6.4815000000000005,6.5145,4.488,5.605500000000001,9.407,70.6515,worse
213,San Jose,Costa Rica,North America,8.1645,6.728000000000001,1.1915000000000002,3.83425,6.7090000000000005,7.432666666666666,1.2095,5.256249999999999,4.081499999999999,5.751999999999999,1.5155000000000003,6.866500000000001,73.24925000000002,worse
217,Santiago,Chile,South America,8.3815,7.237,2.5355,5.550999999999999,6.9645,7.066,2.6415000000000006,4.528,3.725,8.929499999999999,1.0,7.556000000000001,80.887,better
218,Santo Domingo,Dominican Republic,North America,9.289,8.076000000000002,1.003,4.56525,5.779,5.026000000000001,0.5,2.3805,6.1135,5.768,4.221,5.796500000000001,72.85425000000001,worse
219,Sao Paulo,Brazil,South America,8.316,7.823000000000001,2.2655,4.412000000000001,5.2955,5.371999999999999,1.104,2.6535,2.187,2.8525,3.3895000000000004,8.789499999999999,68.444,worse
221,Saskatoon,Canada,North America,7.159500000000001,5.042000000000001,1.2585000000000002,5.8055,6.638000000000001,7.513999999999999,5.344000000000001,7.757999999999999,5.8405000000000005,7.2745000000000015,4.890000000000001,1.0,76.65849999999999,worse
222,Seattle,Washington,North America,2.291,3.79,2.8845,4.523750000000001,5.6365,6.309666666666666,5.7145,7.560250000000001,6.5145,4.772,4.940499999999999,8.1155,70.65125,worse
223,Seoul,South Korea,Asia,6.142500000000001,3.698000000000001,6.155999999999999,5.718999999999999,8.305,8.549,6.8655,6.787000000000001,5.561,6.6075,7.637,8.200000000000001,93.22,better
224,Seville,Spain,Europe,8.095500000000001,6.961,3.4770000000000003,5.567000000000001,8.929499999999999,8.221333333333332,4.259500000000001,7.220749999999999,4.296,3.894000000000001,6.1895,7.416,90.2395,better
225,Shanghai,China,Asia,5.744,7.179,6.862,5.0845,7.2085,6.206,5.6995000000000005,2.83875,6.103,1.4959999999999998,2.636,6.693499999999999,77.50075,worse
226,Singapore,Singapore,Asia,1.745,3.4890000000000003,2.982,5.42725,9.9715,7.682666666666665,8.2465,7.95425,7.478500000000001,9.959,8.447,7.422499999999999,89.617,better
227,Skopje,Macedonia,Europe,9.740500000000004,9.11,1.678,5.7365,7.2795,6.628666666666668,0.5,2.6492500000000003,4.1225000000000005,9.475,4.520499999999999,6.208000000000001,84.61675,better
228,Sofia,Bulgaria,Europe,9.306,8.55,2.6665,5.622,7.550499999999999,5.586666666666666,2.0145,4.99925,3.25,8.720500000000001,6.272500000000001,5.318499999999999,85.67949999999999,better
229,St. Louis,Missouri,North America,6.958,5.504,2.5315,5.085500000000001,3.880500000000001,6.669999999999999,5.2715,7.37425,6.5145,4.062,8.909,7.642500000000001,80.5395,better
230,Stockholm,Sweden,Europe,4.865,4.36,6.2255,5.685500000000001,6.8865,8.039333333333332,6.6675,8.99175,5.694499999999999,2.7495000000000003,7.6135,6.797499999999999,86.43050000000001,better
231,Stuttgart,Germany,Europe,6.314000000000001,5.673000000000002,5.9645,6.205499999999999,8.269500000000003,7.851333333333333,5.0505,7.225,5.373500000000001,3.9035,5.124,5.556,87.02125000000001,better
232,Sydney,Australia,Oceania,1.9865,4.128,3.285,4.851,7.5710000000000015,8.033666666666665,6.725500000000001,7.81675,6.0695000000000014,4.5885,4.7365,6.2275,75.15875000000001,worse
233,Taipei,Taiwan,Asia,7.977,5.644,2.5105,5.6065,9.542,5.905333333333333,5.589500000000001,6.23575,6.6355,7.333,5.2315000000000005,7.2635,88.46874999999999,better
234,Tallinn,Estonia,Europe,8.376500000000002,6.931000000000001,1.9705,5.932500000000001,9.4255,7.366333333333333,5.355,7.825500000000001,4.1850000000000005,5.341,5.202,7.0235,89.29175000000001,better
235,Tampa Bay Area,Florida,North America,5.696,5.253,2.9055000000000004,1.40075,4.706499999999999,6.572999999999999,4.2805,7.37875,6.5145,4.772,7.195,6.433999999999999,73.53625,worse
236,Tampere,Finland,Europe,6.936,4.622,2.848,6.3495,8.689000000000002,8.316333333333333,5.3895,8.922,3.921,4.8785,5.792000000000001,4.187000000000001,83.86175000000001,better
237,Tartu,Estonia,Europe,8.961000000000002,7.47,1.414,6.441,9.3765,8.395,5.4035,9.416,4.1850000000000005,5.341,4.3005,4.081,89.891,better
239,Tbilisi,Georgia,Europe,9.4905,9.765,2.2510000000000003,5.64425,9.506,5.052333333333334,0.8625,3.19675,4.2525,8.055000000000001,4.087,4.919,84.683,better
240,Tehran,Iran,Asia,8.302999999999999,9.544,3.175,3.7995,6.792999999999999,5.312333333333332,0.51,2.9425,3.9435,4.0525,1.5759999999999998,6.521,72.78099999999999,worse
241,Tel Aviv,Israel,Asia,4.91,4.370000000000001,3.345,4.994249999999999,8.0065,8.338,3.766500000000001,6.02675,5.0265,6.9175,2.566,5.3335,76.20200000000001,worse
242,The Hague,Netherlands,Europe,6.053000000000001,4.653,8.000500000000002,5.061000000000001,8.789000000000001,8.213999999999999,4.306500000000001,8.283750000000001,5.053000000000001,4.954999999999999,6.5135000000000005,5.0145,90.59825000000001,better
243,Thessaloniki,Greece,Europe,9.3775,6.6000000000000005,2.2604999999999995,5.91375,7.992,7.508999999999999,3.1635,3.33825,3.3199999999999994,4.1665,2.596,7.689000000000002,79.21375,worse
244,Tokyo,Japan,Asia,5.657000000000001,3.431,8.1515,6.0075,10.0,8.82633333333333,6.980500000000001,5.955750000000001,3.7235,6.033,4.835000000000001,9.342000000000002,93.48575000000001,better
245,Toronto,Canada,North America,4.66,5.271,4.335000000000001,4.683000000000001,7.693500000000001,8.063666666666666,7.602500000000001,7.1775,5.8405000000000005,7.2745000000000015,4.383,7.826,86.0205,better
246,Toulouse,France,Europe,7.544,4.552,5.1265,5.06775,6.967,8.831999999999999,4.442,5.079750000000001,4.2045,2.648000000000001,4.622000000000001,4.1370000000000005,77.51225,worse
247,Tunis,Tunisia,Africa,9.968,9.998,2.6080000000000005,5.614500000000001,8.291500000000001,6.2926666666666655,0.5,3.27975,3.0920000000000005,2.599,1.0725,5.742500000000001,77.38750000000002,worse
248,Turin,Italy,Europe,8.069500000000001,5.612,3.1495,5.60925,6.252000000000001,8.367666666666667,4.1015,3.8855,3.3625,2.4365,2.369,7.061,73.9505,worse
249,Turku,Finland,Europe,7.534000000000002,5.07,3.224,6.7285,9.1755,8.712666666666667,5.347499999999999,9.10475,3.921,4.8785,6.6825,5.0975,89.66075000000001,better
250,Uppsala,Sweden,Europe,7.16,5.442,4.7485,5.9750000000000005,7.850000000000001,8.152666666666665,5.2045,8.5815,5.694499999999999,2.7495000000000003,5.854,3.427,84.91350000000001,better
251,Utrecht,Netherlands,Europe,5.4665,4.604,8.0725,5.9902500000000005,8.631,8.394,5.5915,8.0955,5.053000000000001,4.954999999999999,6.676,5.373,91.6905,better
252,Valencia,Spain,Europe,8.135500000000002,6.872,3.4840000000000004,5.809000000000001,7.786499999999999,8.885666666666665,4.266000000000001,5.94225,4.296,3.894000000000001,9.14,7.078000000000001,91.03775000000002,better
254,Vancouver,Canada,North America,4.080500000000001,5.259,2.771,4.93675,7.5695,8.037666666666665,6.889000000000001,8.42325,5.8405000000000005,7.2745000000000015,4.550500000000001,5.7170000000000005,81.76350000000001,better
255,Victoria,Canada,North America,5.696,5.703,1.4945,5.226000000000001,7.808000000000001,7.693,5.3815,9.29475,5.8405000000000005,7.2745000000000015,6.194999999999999,4.523000000000001,83.63625,better
256,Vienna,Austria,Europe,6.314000000000001,5.111,8.0315,6.21325,8.5965,8.198,4.854500000000001,9.27,4.663,2.666,6.173,8.521500000000001,94.3105,better
257,Vilnius,Lithuania,Europe,8.621,7.576,2.105,5.9277500000000005,8.857,6.330666666666666,3.7,8.71775,4.691,6.592499999999999,7.9265,5.198500000000001,91.13850000000001,better
258,Warsaw,Poland,Europe,7.8695,8.192,3.864,5.202999999999999,8.6995,6.881666666666666,4.668500000000001,6.388999999999999,4.7615,5.097,6.0,7.3355000000000015,90.38024999999999,better
259,Washington,District of Columbia,North America,1.2105,3.595,4.505000000000001,4.457000000000001,2.1915,6.257999999999999,5.968500000000001,6.99375,6.5145,4.062,3.825500000000001,10.0,65.477,worse
260,Wellington,New Zealand,Oceania,5.134499999999999,5.161,0.8525,6.039750000000001,8.223,8.078333333333331,4.756,9.60925,5.505500000000001,5.9315,5.1745,4.599,80.41149999999999,better
261,Winnipeg,Canada,North America,7.552500000000001,5.882,1.4754999999999998,5.104500000000001,6.0155,7.755666666666667,5.344000000000001,5.67475,5.8405000000000005,7.2745000000000015,4.902500000000001,4.688,79.1785,worse
262,Wroclaw,Poland,Europe,8.452,8.434000000000001,2.2445,4.954750000000001,8.165500000000002,6.7813333333333325,4.161500000000001,4.96475,4.7615,5.097,5.761500000000001,4.7495,83.48575,better
264,Zagreb,Croatia,Europe,8.91,7.193999999999999,2.028,4.830000000000001,8.6575,7.266,3.211,7.331500000000001,2.2365,7.993499999999999,5.0335,4.9945,85.10825000000001,better
265,Zurich,Switzerland,Europe,1.473,1.0,7.733499999999999,5.839499999999999,9.0665,7.670333333333332,7.2875,8.642999999999999,6.552,6.4285000000000005,7.2675,4.9655000000000005,83.75474999999999,better
